code,high,sechigh,low,average,middle,current,stepprice,stepvolume,points,buyCount,saleCount,capital,income,rate
600000,13.33,undefined,9.82,11.52,11.58,10.36,0.26666666666666666,300,11-9.92-10.19-10.46-10.73-11.27-11.54-11.81-12.08-12.35-12.62-12.89-13.16,53,43,41058,3440,8.378391543669931
600004,23.69,19.02,12.27,16.62,17.98,14.2,0.4,200,12.62-13.02-13.42-13.82-14.22-14.62-15.02-15.42-15.82-16.22-16.62-17.02-17.42-17.82-18.22-18.62-19.02,113,101,49984,8080.000000000001,16.165172855313703
600006,6.06,5.04,3.53,4.5,4.8,4.31,0.1111111111111111,900,3.61-3.72-3.83-3.94-4.05-4.16-4.27-4.38-4.49-4.6-4.71-4.82-4.93-5.04,94,87,49959,8700,17.414279709361676
600007,18.35,undefined,12.4,14.89,15.38,13.25,0.4,200,12.49-12.89-13.29-13.69-14.09-14.49-14.89-15.29-15.69-16.09-16.49-16.89-17.29-17.69-18.09,78,66,42252,5280,12.496449872195399
600008,4.2,3.8,2.77,3.34,3.49,3.3,0.08333333333333333,1200,3-2.84-2.92-3.08-3.16-3.24-3.32-3.4-3.48-3.56-3.64-3.72-3.8,66,60,47232,6000,12.703252032520325
600011,7.04,6.15,4.06,5.27,5.55,4.69,0.13333333333333333,600,4.07-4.2-4.33-4.46-4.59-4.72-4.85-4.98-5.11-5.24-5.37-5.5-5.63-5.76-5.89-6.02-6.15,42,31,48432,2479.9999999999995,5.1205814337628
600012,6.57,undefined,5.02,5.59,5.8,5.24,0.14285714285714285,700,6-5.16-5.3-5.44-5.58-5.72-5.86-6.14-6.28-6.42-6.56,44,34,40530,3399.9999999999995,8.388847767086107
600015,7.88,undefined,6.09,7.04,6.99,6.36,0.16,500,6.24-6.4-6.56-6.72-6.88-7.04-7.2-7.36-7.52-7.68-7.84,32,23,34800,1840,5.287356321839081
600016,6.72,undefined,5.46,5.96,6.09,5.54,0.14285714285714285,700,5.53-5.67-5.81-5.95-6.09-6.23-6.37-6.51-6.65,32,24,33712,2400,7.119126720455624
600017,3.33,3.2,2.35,2.86,2.84,2.81,0.07142857142857142,1400,2.36-2.43-2.5-2.57-2.64-2.71-2.78-2.85-2.92-2.99-3.06-3.13-3.2,63,58,46116,5799.999999999999,12.576979790094542
600018,7.78,6.12,3.95,5.37,5.87,4.51,0.13333333333333333,600,4.04-4.17-4.3-4.43-4.56-4.69-4.82-4.95-5.08-5.21-5.34-5.47-5.6-5.73-5.86-5.99-6.12,53,41,48144,3280,6.812894649385178
600019,6.66,6.52,4.45,5.37,5.56,4.92,0.13333333333333333,600,6-4.57-4.7-4.83-4.96-5.09-5.22-5.35-5.48-5.61-5.74-5.87-6.13-6.26-6.39-6.52,53,41,49320,3280,6.65044606650446
600020,5.59,4.99,3.53,4.23,4.56,3.72,0.1111111111111111,900,4-3.56-3.67-3.78-3.89-4.11-4.22-4.33-4.44-4.55-4.66-4.77-4.88-4.99,51,39,49374,3899.9999999999995,7.898894154818325
600021,8.99,undefined,6.4,7.68,7.7,7.85,0.2,500,6.48-6.68-6.88-7.08-7.28-7.48-7.68-7.88-8.08-8.28-8.48-8.68-8.88,46,41,45480,4100.000000000001,9.014951627088832
600022,1.7,1.63,1.15,1.39,1.42,1.37,0.034782608695652174,2300,1.18-1.21-1.24-1.27-1.3-1.33-1.36-1.39-1.42-1.45-1.48-1.51-1.54-1.57-1.6-1.63,87,78,47955,6240,13.01219893650297
600023,4.52,4.4,3.33,3.77,3.93,3.53,0.09090909090909091,1100,3.41-3.5-3.59-3.68-3.77-3.86-3.95-4.04-4.13-4.22-4.31-4.4,25,15,46706,1500.0000000000002,3.2115788121440505
600025,4.96,4.94,3.4,4.14,4.18,3.82,0.1,800,3.44-3.54-3.64-3.74-3.84-3.94-4.04-4.14-4.24-4.34-4.44-4.54-4.64-4.74-4.84-4.94,70,59,49680,4720,9.500805152979066
600026,9.75,7.66,5.48,6.95,7.62,7.17,0.16666666666666669,600,5.62-5.79-5.96-6.13-6.3-6.47-6.64-6.81-6.98-7.15-7.32-7.49-7.66,174,171,47196,17100.000000000004,36.23188405797102
600027,4.17,4.08,3,3.64,3.59,3.63,0.09090909090909091,1100,3-3.09-3.18-3.27-3.36-3.45-3.54-3.63-3.72-3.81-3.9-3.99-4.08,58,53,46134,5300,11.488273290848397
600028,5.51,undefined,3.9,4.64,4.71,4,0.11428571428571428,700,3.95-4.06-4.17-4.28-4.39-4.5-4.61-4.72-4.83-4.94-5.05-5.16-5.27-5.38-5.49,37,24,45717,1920,4.199750639805761
600029,8.05,7.45,4.95,6.17,6.5,5.33,0.16,500,5.05-5.21-5.37-5.53-5.69-5.85-6.01-6.17-6.33-6.49-6.65-6.81-6.97-7.13-7.29-7.45,68,55,46275,4400,9.508373851971907
600030,34.24,undefined,20.16,25.11,27.2,29.96,0.7999999999999999,100,20.31-21.11-21.91-22.71-23.51-24.31-25.11-25.91-26.71-27.51-28.31-29.11-29.91-30.71-31.51-32.31-33.11-33.91,67,62,45407,4959.999999999999,10.923425903495053
600031,22.99,18.72,12.37,16.72,17.68,21.11,0.39999999999999997,200,12.72-13.12-13.52-13.92-14.32-14.72-15.12-15.52-15.92-16.32-16.72-17.12-17.52-17.92-18.32-18.72,81,81,46560,6480,13.917525773195877
600033,3.45,undefined,2.62,2.93,3.04,2.74,0.07272727272727274,1100,2.64-2.71-2.78-2.85-2.92-2.99-3.06-3.13-3.2-3.27-3.34-3.41,30,20,36179,1600.0000000000002,4.422455015340391
600035,3.83,3.79,2.76,3.33,3.3,3.19,0.08333333333333334,1200,2.83-2.91-2.99-3.07-3.15-3.23-3.31-3.39-3.47-3.55-3.63-3.71-3.79,98,90,47088,9000.000000000002,19.113149847094807
600036,43.3,40.31,28.71,35.51,36,34.8,0.7999999999999999,100,29.11-29.91-30.71-31.51-32.31-33.11-33.91-34.71-35.51-36.31-37.11-37.91-38.71-39.51-40.31,61,54,48034,4320,8.993629512428697
600037,16.97,12.5,8.05,11.65,12.51,13.18,0.26666666666666666,300,8.18-8.45-8.72-8.99-9.26-9.53-9.8-10.07-10.34-10.61-10.88-11.15-11.42-11.69-11.96-12.23-12.5,74,74,48984,5920,12.085578964559856
600039,4.45,4.12,3,3.68,3.73,4.3,0.09090909090909091,1100,3.04-3.13-3.22-3.31-3.4-3.49-3.58-3.67-3.76-3.85-3.94-4.03-4.12,66,66,46662,6600,14.144271570014144
600048,18.7,undefined,12.69,15.19,15.7,15.6,0.39999999999999997,200,12.79-13.19-13.59-13.99-14.39-14.79-15.19-15.59-15.99-16.39-16.79-17.19-17.59-17.99-18.39,98,91,43092,7280,16.894087069525668
600050,6.96,6.63,4.82,5.66,5.89,5.08,0.14285714285714288,700,4.95-5.09-5.23-5.37-5.51-5.65-5.79-5.93-6.07-6.21-6.35-6.49-6.63,66,55,48048,5500.000000000001,11.446886446886449
600051,14.5,8.18,5.11,8.18,9.81,11.94,0.2,500,5.18-5.38-5.58-5.78-5.98-6.18-6.38-6.58-6.78-6.98-7.18-7.38-7.58-7.78-7.98-8.18,59,59,49350,5900,11.955420466058763
600052,6.5,4.71,2.5,4.68,4.5,3.62,0.11428571428571428,700,2.51-2.62-2.73-2.84-2.95-3.06-3.17-3.28-3.39-3.5-3.61-3.72-3.83-3.94-4.05-4.16-4.27-4.38-4.49-4.6-4.71,132,122,49770,9760,19.610206951979105
600053,37.37,34.04,19.29,26.84,28.33,29.63,0.8,100,19.64-20.44-21.24-22.04-22.84-23.64-24.44-25.24-26.04-26.84-27.64-28.44-29.24-30.04-30.84-31.64-32.44-33.24-34.04,152,146,47592,11680.000000000002,24.541939821818797
600054,9.96,undefined,7.08,8.77,8.52,8.84,0.19999999999999998,400,7.17-7.37-7.57-7.77-7.97-8.17-8.37-8.57-8.77-8.97-9.17-9.37-9.57-9.77,67,62,43524,4959.999999999999,11.396011396011394
600055,19.73,17.01,9.13,14.21,14.43,17.3,0.4,200,9.41-9.81-10.21-10.61-11.01-11.41-11.81-12.21-12.61-13.01-13.41-13.81-14.21-14.61-15.01-15.41-15.81-16.21-16.61-17.01,127,127,49438,10160,20.550993163153848
600056,18.29,undefined,12.37,14.82,15.33,16.26,0.4,200,12.42-12.82-13.22-13.62-14.02-14.42-14.82-15.22-15.62-16.02-16.42-16.82-17.22-17.62-18.02,89,84,42056,6720,15.978695073235686
600057,6.79,5.81,3.53,5.33,5.16,6.68,0.13333333333333333,600,3.6-3.73-3.86-3.99-4.12-4.25-4.38-4.51-4.64-4.77-4.9-5.03-5.16-5.29-5.42-5.55-5.68-5.81,73,73,47328,5839.999999999999,12.3394185260311
600058,8.75,8.67,5.89,7.27,7.32,6.84,0.19999999999999998,500,6.07-6.27-6.47-6.67-6.87-7.07-7.27-7.47-7.67-7.87-8.07-8.27-8.47-8.67,63,54,47255,5399.999999999999,11.427362183895882
600059,11.58,10.75,7.02,9,9.3,9.63,0.25,400,8-9-10-7.25-7.5-7.75-8.25-8.5-8.75-9.25-9.5-9.75-10.25-10.5-10.75,68,64,49700,6400,12.877263581488934
600060,15.45,12.12,7.31,11,11.38,13.78,0.26666666666666666,300,7.53-7.8-8.07-8.34-8.61-8.88-9.15-9.42-9.69-9.96-10.23-10.5-10.77-11.04-11.31-11.58-11.85-12.12,79,79,49419,6320,12.788603573524354
600061,17.34,15.52,11.28,13.89,14.31,14.81,0.33333333333333337,300,11.56-11.89-12.22-12.55-12.88-13.21-13.54-13.87-14.2-14.53-14.86-15.19-15.52,115,113,48150,11300.000000000002,23.468328141225342
600062,15.83,undefined,11.92,13.36,13.88,14.53,0.3333333333333333,300,15-12.03-12.36-12.69-13.02-13.35-13.68-14.01-14.34-14.67-15.33-15.66,69,65,45144,6499.999999999999,14.398369661527553
600063,4.94,3.87,2.7,3.7,3.82,4.02,0.09090909090909091,1100,2.7-2.79-2.88-2.97-3.06-3.15-3.24-3.33-3.42-3.51-3.6-3.69-3.78-3.87,99,99,46332,9900,21.367521367521366
600064,12.07,11.18,8.09,9.68,10.08,10.46,0.25,400,8.18-8.43-8.68-8.93-9.18-9.43-9.68-9.93-10.18-10.43-10.68-10.93-11.18,51,48,45864,4800,10.465724751439037
600066,16.56,15.58,11.56,13.95,14.06,13.62,0.3333333333333333,300,11.62-11.95-12.28-12.61-12.94-13.27-13.6-13.93-14.26-14.59-14.92-15.25-15.58,99,93,48366,9300,19.228383575238805
600067,4.89,4.45,3.14,3.85,4.01,3.63,0.1,1000,3.15-3.25-3.35-3.45-3.55-3.65-3.75-3.85-3.95-4.05-4.15-4.25-4.35-4.45,62,54,48750,5400,11.076923076923077
600068,7.71,undefined,5.3,6.49,6.51,6.67,0.16,500,5.37-5.53-5.69-5.85-6.01-6.17-6.33-6.49-6.65-6.81-6.97-7.13-7.29-7.45-7.61,92,86,44870,6880,15.333184755961668
600069,3.27,2.06,0.18,2.31,1.73,0.19,0.05714285714285715,1400,2-0.2-0.26-0.32-0.38-0.44-0.5-0.56-0.62-0.68-0.74-0.8-0.86-0.92-0.98-1.04-1.1-1.16-1.22-1.28-1.34-1.4-1.46-1.52-1.58-1.64-1.7-1.76-1.82-1.88-1.94-2.06,62,31,47740,2480,5.194805194805195
600070,15.28,11.61,6.83,10.75,11.06,15.03,0.26666666666666666,300,7.02-7.29-7.56-7.83-8.1-8.37-8.64-8.91-9.18-9.45-9.72-9.99-10.26-10.53-10.8-11.07-11.34-11.61,112,112,46818,8960,19.137938399760777
600071,13.53,12.57,8.22,10.65,10.88,11.14,0.26666666666666666,300,8.25-8.52-8.79-9.06-9.33-9.6-9.87-10.14-10.41-10.68-10.95-11.22-11.49-11.76-12.03-12.3-12.57,173,168,49320,13440,27.25060827250608
600072,19.47,17.43,10.14,14.63,14.81,13.86,0.4,200,10.23-10.63-11.03-11.43-11.83-12.23-12.63-13.03-13.43-13.83-14.23-14.63-15.03-15.43-15.83-16.23-16.63-17.03-17.43,156,147,49068,11760,23.9667400342382
600073,11.15,10.14,6.5,9.14,8.82,10.75,0.25,400,6.64-6.89-7.14-7.39-7.64-7.89-8.14-8.39-8.64-8.89-9.14-9.39-9.64-9.89-10.14,86,86,46284,8600,18.580935096361593
600075,7.84,6.12,4.1,5.73,5.97,6.89,0.14285714285714285,700,5-4.16-4.3-4.44-4.58-4.72-4.86-5.14-5.28-5.42-5.56-5.7-5.84-5.98-6.12,93,93,49686,9300,18.717546190073662
600076,5.05,4.76,3.21,4.06,4.13,3.55,0.1,800,3.26-3.36-3.46-3.56-3.66-3.76-3.86-3.96-4.06-4.16-4.26-4.36-4.46-4.56-4.66-4.76,75,63,47520,5040.000000000001,10.606060606060609
600077,3.67,3.43,2.3,2.89,2.99,3.58,0.07272727272727274,1100,2.31-2.38-2.45-2.52-2.59-2.66-2.73-2.8-2.87-2.94-3.01-3.08-3.15-3.22-3.29-3.36-3.43,109,109,49896,8720.000000000002,17.47635080968415
600078,7.55,5.97,3.81,5.36,5.68,4.77,0.13333333333333336,600,3.89-4.02-4.15-4.28-4.41-4.54-4.67-4.8-4.93-5.06-5.19-5.32-5.45-5.58-5.71-5.84-5.97,207,197,46704,15760.000000000004,33.744433025008576
600079,35.69,18.26,9.47,18.26,22.58,32.92,0.49999999999999994,200,9.76-10.26-10.76-11.26-11.76-12.26-12.76-13.26-13.76-14.26-14.76-15.26-15.76-16.26-16.76-17.26-17.76-18.26,57,57,46784,5699.999999999999,12.183652530779751
600080,7.77,6.76,3.7,6.12,5.74,5.38,0.16,500,5-3.72-3.88-4.04-4.2-4.36-4.52-4.68-4.84-5.16-5.32-5.48-5.64-5.8-5.96-6.12-6.28-6.44-6.6-6.76,121,112,49020,8960,18.27825377396981
600081,13.68,12.94,8.88,11.56,11.28,11.12,0.26666666666666666,300,8.89-9.16-9.43-9.7-9.97-10.24-10.51-10.78-11.05-11.32-11.59-11.86-12.13-12.4-12.67-12.94,204,197,48510,15760,32.48814677386106
600082,4.7,4.25,3.09,3.81,3.9,3.77,0.09090909090909091,1100,3.17-3.26-3.35-3.44-3.53-3.62-3.71-3.8-3.89-3.98-4.07-4.16-4.25,113,107,48378,10700.000000000002,22.117491421720622
600083,30.65,11.08,3.27,12.16,16.96,6.08,0.3333333333333333,300,3.49-3.82-4.15-4.48-4.81-5.14-5.47-5.8-6.13-6.46-6.79-7.12-7.45-7.78-8.11-8.44-8.77-9.1-9.43-9.76-10.09-10.42-10.75-11.08,44,29,49128,2900,5.902947402703143
600084,2.98,undefined,2.08,2.46,2.53,2.42,0.061538461538461535,1300,2.09-2.15-2.21-2.27-2.33-2.39-2.45-2.51-2.57-2.63-2.69-2.75-2.81-2.87-2.93,120,111,45136,8880,19.67387451258419
600085,31.75,undefined,23.99,27.26,27.87,27.04,0.8,100,24.06-24.86-25.66-26.46-27.26-28.06-28.86-29.66-30.46-31.26,41,36,24534,2880,11.73881144534116
600086,4.7,2.31,0.83,2.47,2.77,0.98,0.061538461538461535,1300,0.87-0.93-0.99-1.05-1.11-1.17-1.23-1.29-1.35-1.41-1.47-1.53-1.59-1.65-1.71-1.77-1.83-1.89-1.95-2.01-2.07-2.13-2.19-2.25-2.31,119,97,48672,7759.999999999999,15.943458251150556
600088,18.76,18.04,11.12,14.44,14.94,13.8,0.39999999999999997,200,11.24-11.64-12.04-12.44-12.84-13.24-13.64-14.04-14.44-14.84-15.24-15.64-16.04-16.44-16.84-17.24-17.64-18.04,158,147,49096,11760,23.953071533322472
600089,9.02,8.5,5.61,7.5,7.32,8.73,0.2,500,5.7-5.9-6.1-6.3-6.5-6.7-6.9-7.1-7.3-7.5-7.7-7.9-8.1-8.3-8.5,88,88,49000,8800,17.959183673469386
600090,5.24,3.37,1.71,3.75,3.48,1.81,0.09090909090909091,1100,1.75-1.84-1.93-2.02-2.11-2.2-2.29-2.38-2.47-2.56-2.65-2.74-2.83-2.92-3.01-3.1-3.19-3.28-3.37,37,20,49797,2000.0000000000002,4.016306203184931
600091,3.99,undefined,2.86,3.55,3.43,3.03,0.08888888888888889,900,2.93-3.02-3.11-3.2-3.29-3.38-3.47-3.56-3.65-3.74-3.83-3.92,71,61,33462,4880,14.5837068913992
600093,20.81,16.77,9.29,14.37,15.05,13.92,0.39999999999999997,200,9.57-9.97-10.37-10.77-11.17-11.57-11.97-12.37-12.77-13.17-13.57-13.97-14.37-14.77-15.17-15.57-15.97-16.37-16.77,136,129,46692,10319.999999999998,22.102287329735283
600094,8.57,7.55,5.48,6.84,7.03,5.91,0.16666666666666666,600,5.51-5.68-5.85-6.02-6.19-6.36-6.53-6.7-6.87-7.04-7.21-7.38-7.55,116,107,46404,10700,23.05835703818636
600095,17.3,10.04,6.18,10.04,11.74,16.71,0.25,400,6.29-6.54-6.79-7.04-7.29-7.54-7.79-8.04-8.29-8.54-8.79-9.04-9.29-9.54-9.79-10.04,165,165,48240,16500,34.20398009950249
600096,6.89,6.26,4.26,5.51,5.57,5.24,0.13333333333333333,600,6-4.31-4.44-4.57-4.7-4.83-4.96-5.09-5.22-5.35-5.48-5.61-5.74-5.87-6.13-6.26,130,122,46980,9760,20.77479778629204
600097,11.68,11.41,8.24,9.91,9.96,11.68,0.25,400,8.41-8.66-8.91-9.16-9.41-9.66-9.91-10.16-10.41-10.66-10.91-11.16-11.41,98,98,46968,9800,20.865269971044114
600098,6.74,undefined,5.4,6.1,6.07,5.87,0.16,500,5.46-5.62-5.78-5.94-6.1-6.26-6.42-6.58-6.74,37,31,24080,2480,10.299003322259136
600099,8.08,7.52,5.16,6.64,6.62,6.95,0.16666666666666666,600,5.31-5.48-5.65-5.82-5.99-6.16-6.33-6.5-6.67-6.84-7.01-7.18-7.35-7.52,77,74,49374,7399.999999999999,14.987645319398872
600100,10.65,9.88,6.77,8.68,8.71,7.94,0.2,400,6.88-7.08-7.28-7.48-7.68-7.88-8.08-8.28-8.48-8.68-8.88-9.08-9.28-9.48-9.68-9.88,102,92,49680,7360.000000000001,14.814814814814817
600101,8.98,7.59,5.37,6.55,7.18,6.17,0.16666666666666666,600,5.38-5.55-5.72-5.89-6.06-6.23-6.4-6.57-6.74-6.91-7.08-7.25-7.42-7.59,68,59,49920,5899.999999999999,11.818910256410254
600103,2.49,2.37,1.69,2.09,2.09,1.99,0.052631578947368425,1900,1.72-1.77-1.82-1.87-1.92-1.97-2.02-2.07-2.12-2.17-2.22-2.27-2.32-2.37,109,101,49894,10100,20.242914979757085
600104,27.48,undefined,16.9,21.54,22.19,18.18,0.7999999999999999,100,17.54-18.34-19.14-19.94-20.74-21.54-22.34-23.14-23.94-24.74-25.54-26.34-27.14,48,37,26328,2960,11.242783348526284
600105,6.1,5.2,3.37,4.7,4.73,5.8,0.1142857142857143,700,3.44-3.55-3.66-3.77-3.88-3.99-4.1-4.21-4.32-4.43-4.54-4.65-4.76-4.87-4.98-5.09-5.2,221,221,47768,17680.000000000004,37.01222575782952
600106,3.33,3.28,2.42,2.87,2.88,2.64,0.07142857142857144,1400,3-2.44-2.51-2.58-2.65-2.72-2.79-2.86-2.93-3.07-3.14-3.21-3.28,61,52,47460,5200.000000000001,10.95659502739149
600107,14.38,8.28,5.45,8.08,9.92,10.44,0.2,500,5.48-5.68-5.88-6.08-6.28-6.48-6.68-6.88-7.08-7.28-7.48-7.68-7.88-8.08-8.28,108,108,47460,10800,22.75600505689001
600108,3.96,3.55,2.35,3.35,3.16,3.59,0.08333333333333334,1200,2.43-2.51-2.59-2.67-2.75-2.83-2.91-2.99-3.07-3.15-3.23-3.31-3.39-3.47-3.55,120,120,49560,12000.000000000002,24.21307506053269
600109,17.47,12.2,7.4,11.34,12.43,14.43,0.26666666666666666,300,7.61-7.88-8.15-8.42-8.69-8.96-9.23-9.5-9.77-10.04-10.31-10.58-10.85-11.12-11.39-11.66-11.93-12.2,89,89,49827,7120,14.289441467477472
600110,7.05,5.53,3.76,5.01,5.4,4.85,0.125,800,3.89-4.02-4.14-4.26-4.39-4.51-4.64-4.76-4.89-5.01-5.14-5.27-5.4-5.53,164,158,48256,15800,32.7420424403183
600111,13.88,12.63,8.28,10.98,11.08,12.41,0.26666666666666666,300,8.31-8.58-8.85-9.12-9.39-9.66-9.93-10.2-10.47-10.74-11.01-11.28-11.55-11.82-12.09-12.36-12.63,98,97,49608,7760,15.642638284147719
600112,3.06,1.94,1.1,1.99,2.08,1.7,0.05,2000,1.14-1.19-1.24-1.29-1.34-1.39-1.44-1.49-1.54-1.59-1.64-1.69-1.74-1.79-1.84-1.89-1.94,81,76,48480,7600.000000000001,15.676567656765679
600113,8.49,7.71,5.61,7,7.05,7.01,0.16666666666666666,600,5.67-5.84-6.01-6.18-6.35-6.52-6.69-6.86-7.03-7.2-7.37-7.54-7.71,102,97,47556,9699.999999999998,20.397005635461348
600114,15.8,9.91,5.7,10.16,10.75,10.32,0.25,400,5.91-6.16-6.41-6.66-6.91-7.16-7.41-7.66-7.91-8.16-8.41-8.66-8.91-9.16-9.41-9.66-9.91,98,98,49824,9800,19.66923570969814
600115,6.5,5.58,4.01,4.92,5.26,4.41,0.125,800,4.05-4.18-4.31-4.43-4.56-4.68-4.81-4.93-5.06-5.19-5.32-5.45-5.58,66,57,45576,5700,12.506582411795682
600116,11.45,9.32,6.3,8.52,8.88,9.27,0.19999999999999998,400,6.32-6.52-6.72-6.92-7.12-7.32-7.52-7.72-7.92-8.12-8.32-8.52-8.72-8.92-9.12-9.32,105,105,46320,8400,18.134715025906736
600117,4.01,3.78,2.76,3.4,3.39,3.4,0.08333333333333333,1200,2.82-2.9-2.98-3.06-3.14-3.22-3.3-3.38-3.46-3.54-3.62-3.7-3.78,130,125,46944,12500,26.62747102931152
600118,41.7,34.56,19.93,32.16,30.82,35.33,0.8,100,20.16-20.96-21.76-22.56-23.36-24.16-24.96-25.76-26.56-27.36-28.16-28.96-29.76-30.56-31.36-32.16-32.96-33.76-34.56,90,90,48528,7200,14.836795252225519
600119,11.83,7.41,4.8,6.29,8.32,10.03,0.16,500,4.85-5.01-5.17-5.33-5.49-5.65-5.81-5.97-6.13-6.29-6.45-6.61-6.77-6.93-7.09-7.25-7.41,96,96,48400,7680,15.867768595041323
600120,13.65,9.34,6.04,8.94,9.85,7.31,0.2,400,6.14-6.34-6.54-6.74-6.94-7.14-7.34-7.54-7.74-7.94-8.14-8.34-8.54-8.74-8.94-9.14-9.34,82,72,48896,5760,11.780104712041885
600121,3.26,2.51,1.71,2.23,2.49,1.98,0.05555555555555556,1800,1.73-1.79-1.85-1.91-1.97-2.03-2.09-2.15-2.21-2.27-2.33-2.39-2.45-2.51,86,77,48906,7700,15.744489428699955
600122,4.05,2.13,1.02,2.34,2.54,1.31,0.05882352941176471,1700,1.05-1.11-1.17-1.23-1.29-1.35-1.41-1.47-1.53-1.59-1.65-1.71-1.77-1.83-1.89-1.95-2.01-2.07-2.13,44,30,47736,3000.0000000000005,6.2845651080945215
600123,7.51,6.45,4.65,5.91,6.08,5.31,0.14285714285714285,700,4.77-4.91-5.05-5.19-5.33-5.47-5.61-5.75-5.89-6.03-6.17-6.31-6.45,41,33,46536,3300,7.0912841670964415
600125,6.76,6.37,4.58,5.69,5.67,5.84,0.14285714285714285,700,4.69-4.83-4.97-5.11-5.25-5.39-5.53-5.67-5.81-5.95-6.09-6.23-6.37,59,55,45864,5500,11.991976277690563
600126,10.97,7.35,3.93,7.35,7.45,8.2,0.19999999999999998,500,3.95-4.15-4.35-4.55-4.75-4.95-5.15-5.35-5.55-5.75-5.95-6.15-6.35-6.55-6.75-6.95-7.15-7.35,90,90,47175,9000,19.07790143084261
600127,14.23,7.74,3.14,8.74,8.69,12.31,0.2,400,3.34-3.54-3.74-3.94-4.14-4.34-4.54-4.74-4.94-5.14-5.34-5.54-5.74-5.94-6.14-6.34-6.54-6.74-6.94-7.14-7.34-7.54-7.74,70,70,47872,5600,11.697860962566844
600128,8.65,undefined,6.22,7.36,7.44,7.15,0.2,500,6.36-6.56-6.76-6.96-7.16-7.36-7.56-7.76-7.96-8.16-8.36-8.56,90,83,40480,8300,20.50395256916996
600129,18.34,13.9,9.08,13.28,13.71,17.45,0.3333333333333333,300,9.28-9.61-9.94-10.27-10.6-10.93-11.26-11.59-11.92-12.25-12.58-12.91-13.24-13.57-13.9,100,100,47985,9999.999999999998,20.839845785141186
600130,5.62,4.41,3.03,4.01,4.33,4.19,0.1,1000,3.11-3.21-3.31-3.41-3.51-3.61-3.71-3.81-3.91-4.01-4.11-4.21-4.31-4.41,161,158,48230,15800,32.75969313705163
600131,24.15,20.32,13,19.32,18.58,20.31,0.5,200,13.32-13.82-14.32-14.82-15.32-15.82-16.32-16.82-17.32-17.82-18.32-18.82-19.32-19.82-20.32,143,143,46396,14300,30.82162255366842
600133,7.59,6.97,4.09,6.01,5.84,5.77,0.16,500,4.25-4.41-4.57-4.73-4.89-5.05-5.21-5.37-5.53-5.69-5.85-6.01-6.17-6.33-6.49-6.65-6.81-6.97,121,113,47005,9040.000000000002,19.231996596106804
600135,9.66,8.96,6.33,7.76,8,8.38,0.19999999999999998,500,6.36-6.56-6.76-6.96-7.16-7.36-7.56-7.76-7.96-8.16-8.36-8.56-8.76-8.96,102,100,49140,10000,20.35002035002035
600136,15.86,12.15,7.72,10.76,11.79,8.54,0.26666666666666666,300,7.83-8.1-8.37-8.64-8.91-9.18-9.45-9.72-9.99-10.26-10.53-10.8-11.07-11.34-11.61-11.88-12.15,162,148,47304,11840,25.029595805851514
600137,20.35,18.61,11.89,15.81,16.12,18.52,0.39999999999999997,200,12.21-12.61-13.01-13.41-13.81-14.21-14.61-15.01-15.41-15.81-16.21-16.61-17.01-17.41-17.81-18.21-18.61,123,123,48672,9840,20.216962524654832
600138,13.74,13.23,9.24,11.32,11.49,10.73,0.26666666666666666,300,9.45-9.72-9.99-10.26-10.53-10.8-11.07-11.34-11.61-11.88-12.15-12.42-12.69-12.96-13.23,91,82,47061,6560,13.939355304817152
600139,4.49,3.68,2.6,3.39,3.55,3.31,0.08333333333333334,1200,2.64-2.72-2.8-2.88-2.96-3.04-3.12-3.2-3.28-3.36-3.44-3.52-3.6-3.68,172,168,48672,16800.000000000004,34.516765285996065
600141,13.07,12.61,8.51,10.43,10.79,10.46,0.26666666666666666,300,8.56-8.83-9.1-9.37-9.64-9.91-10.18-10.45-10.72-10.99-11.26-11.53-11.8-12.07-12.34-12.61,115,107,47025,8560,18.20308346624136
600143,18.49,9.19,4.73,10.19,11.61,16.14,0.24999999999999997,400,4.94-5.19-5.44-5.69-5.94-6.19-6.44-6.69-6.94-7.19-7.44-7.69-7.94-8.19-8.44-8.69-8.94-9.19,82,82,47192,8199.999999999998,17.37582641125614
600145,2.71,1.64,1.19,1.4,1.95,1.42,0.03478260869565217,2300,1.19-1.22-1.25-1.28-1.31-1.34-1.37-1.4-1.43-1.46-1.49-1.52-1.55-1.58-1.61-1.64,57,50,48300,3999.9999999999995,8.281573498964802
600146,23.4,8.23,1.86,9.48,12.63,2,0.25,400,1.98-2.23-2.48-2.73-2.98-3.23-3.48-3.73-3.98-4.23-4.48-4.73-4.98-5.23-5.48-5.73-5.98-6.23-6.48-6.73-6.98-7.23-7.48-7.73-7.98-8.23,44,19,49800,1900,3.8152610441767068
600148,18.38,17.52,10.46,14.32,14.42,15.75,0.39999999999999997,200,10.72-11.12-11.52-11.92-12.32-12.72-13.12-13.52-13.92-14.32-14.72-15.12-15.52-15.92-16.32-16.72-17.12-17.52,112,108,47328,8640,18.255578093306287
600149,6.36,undefined,4.58,5.22,5.47,5,0.13333333333333333,600,4.69-4.82-4.95-5.08-5.21-5.34-5.47-5.6-5.73-5.86-5.99-6.12-6.25,79,69,38916,5520,14.184397163120567
600150,29.55,undefined,17.18,21.93,23.37,20.71,0.7999999999999999,100,17.93-18.73-19.53-20.33-21.13-21.93-22.73-23.53-24.33-25.13-25.93-26.73-27.53-28.33-29.13,83,73,32382,5840,18.034710641714533
600151,5.85,5.49,3.74,4.95,4.8,5.18,0.125,800,3.83-3.96-4.09-4.22-4.35-4.47-4.6-4.72-4.85-4.97-5.1-5.23-5.36-5.49,113,111,47800,11100,23.221757322175733
600152,8.68,7.13,4.87,6.75,6.78,6.5,0.16666666666666666,600,4.92-5.09-5.26-5.43-5.6-5.77-5.94-6.11-6.28-6.45-6.62-6.79-6.96-7.13,150,146,46332,14600,31.511698178364846
600153,10.49,9.92,6.99,8.72,8.74,9.38,0.19999999999999998,400,7.12-7.32-7.52-7.72-7.92-8.12-8.32-8.52-8.72-8.92-9.12-9.32-9.52-9.72-9.92,73,70,47152,5599.999999999999,11.876484560570068
600155,16.34,14.99,10.55,13.37,13.45,13.49,0.33333333333333337,300,14-10.7-11.03-11.36-11.69-12.02-12.35-12.68-13.01-13.34-13.67-14.33-14.66-14.99,171,166,49452,16600.000000000004,33.56790423036481
600156,7.03,5.32,3.44,5.02,5.24,4.5,0.125,800,3.52-3.65-3.78-3.91-4.04-4.17-4.3-4.43-4.56-4.68-4.81-4.93-5.06-5.19-5.32,113,106,48824,10600,21.71063411436998
600157,1.76,1.66,1.16,1.43,1.46,1.36,0.03571428571428571,2800,1.18-1.22-1.26-1.3-1.34-1.38-1.42-1.46-1.5-1.54-1.58-1.62-1.66,110,102,47040,10200,21.683673469387756
600158,11.22,undefined,7.93,9.55,9.57,8.83,0.24999999999999997,400,8.05-8.3-8.55-8.8-9.05-9.3-9.55-9.8-10.05-10.3-10.55-10.8-11.05,84,75,45240,7499.999999999998,16.578249336870023
600159,3.22,2.97,2.05,2.59,2.64,2.59,0.06666666666666665,1500,2.06-2.13-2.2-2.27-2.34-2.41-2.48-2.55-2.62-2.69-2.76-2.83-2.9-2.97,94,88,48360,8799.999999999998,18.19685690653432
600160,9.79,8.73,6.02,7.53,7.9,7.44,0.2,500,6.13-6.33-6.53-6.73-6.93-7.13-7.33-7.53-7.73-7.93-8.13-8.33-8.53-8.73,100,93,47645,9300,19.51936194773848
600161,50.27,36.95,23.35,34.55,36.81,49.63,0.8,100,24.15-24.95-25.75-26.55-27.35-28.15-28.95-29.75-30.55-31.35-32.15-32.95-33.75-34.55-35.35-36.15-36.95,107,107,48240,8560,17.744610281923716
600162,2.65,2.55,1.8,2.22,2.23,2.11,0.05555555555555556,1800,1.83-1.89-1.95-2.01-2.07-2.13-2.19-2.25-2.31-2.37-2.43-2.49-2.55,97,90,46656,9000,19.290123456790123
600163,4.6,4.07,2.96,3.63,3.78,4.18,0.09090909090909091,1100,2.99-3.08-3.17-3.26-3.35-3.44-3.53-3.62-3.71-3.8-3.89-3.98-4.07,83,83,46002,8300,18.042693795921917
600165,7.93,5.13,3.33,4.74,5.63,6.74,0.1142857142857143,700,3.37-3.48-3.59-3.7-3.81-3.92-4.03-4.14-4.25-4.36-4.47-4.58-4.69-4.8-4.91-5.02-5.13,121,121,46984,9680,20.602758385833475
600166,2.52,2.46,1.7,2.01,2.11,1.99,0.05,1600,1.71-1.76-1.81-1.86-1.91-1.96-2.01-2.06-2.11-2.16-2.21-2.26-2.31-2.36-2.41-2.46,102,92,49440,7360.000000000001,14.886731391585762
600167,16.27,14.73,10.11,13.11,13.19,14.59,0.3333333333333333,300,10.44-10.77-11.1-11.43-11.76-12.09-12.42-12.75-13.08-13.41-13.74-14.07-14.4-14.73,104,104,48438,10400,21.470746108427267
600168,11.3,8.53,5.6,8.13,8.45,7.79,0.19999999999999998,500,5.73-5.93-6.13-6.33-6.53-6.73-6.93-7.13-7.33-7.53-7.73-7.93-8.13-8.33-8.53,121,117,49210,11700,23.775655354602723
600169,2.75,2.49,1.7,2.21,2.23,2.06,0.05555555555555556,1800,1.71-1.77-1.83-1.89-1.95-2.01-2.07-2.13-2.19-2.25-2.31-2.37-2.43-2.49,67,60,48438,6000,12.38696890870804
600170,3.93,undefined,2.91,3.41,3.42,3.12,0.08333333333333333,1200,2.99-3.07-3.15-3.23-3.31-3.39-3.47-3.55-3.63-3.71-3.79-3.87,46,37,44748,3699.9999999999995,8.268525967641011
600171,23.58,19.79,13.67,17.39,18.63,18.11,0.4,200,13.79-14.19-14.59-14.99-15.39-15.79-16.19-16.59-16.99-17.39-17.79-18.19-18.59-18.99-19.39-19.79,162,158,49770,12640,25.396825396825395
600172,4.35,3.6,2.24,3.2,3.3,3.01,0.08000000000000002,1000,2.32-2.4-2.48-2.56-2.64-2.72-2.8-2.88-2.96-3.04-3.12-3.2-3.28-3.36-3.44-3.52-3.6,159,152,46720,12160.000000000002,26.02739726027398
600173,6.1,5.4,3.74,4.89,4.92,5.54,0.125,800,3.76-3.89-4.02-4.14-4.26-4.39-4.51-4.64-4.76-4.89-5.01-5.14-5.27-5.4,87,87,46944,8700,18.53271983640082
600175,2.69,1.26,0.17,1.58,1.43,0.19,0.04,2500,0.18-0.22-0.26-0.3-0.34-0.38-0.42-0.46-0.5-0.54-0.58-0.62-0.66-0.7-0.74-0.78-0.82-0.86-0.9-0.94-0.98-1.02-1.06-1.1-1.14-1.18-1.22-1.26,31,4,47250,400,0.8465608465608465
600176,14.3,10.88,7.52,9.63,10.91,13.84,0.25,400,7.63-7.88-8.13-8.38-8.63-8.88-9.13-9.38-9.63-9.88-10.13-10.38-10.63-10.88,90,90,47476,9000,18.956946667790042
600177,7.55,undefined,5.93,6.63,6.74,6.67,0.16666666666666666,600,5.96-6.13-6.3-6.47-6.64-6.81-6.98-7.15-7.32-7.49,40,35,35856,3500,9.761267291387773
600178,10.55,6.83,3.84,6.03,7.2,9.9,0.16,500,3.95-4.11-4.27-4.43-4.59-4.75-4.91-5.07-5.23-5.39-5.55-5.71-5.87-6.03-6.19-6.35-6.51-6.67-6.83,72,72,47790,5760,12.052730696798493
600179,5.59,4,2.41,4.2,4,5.31,0.1,1000,3-4-2.5-2.6-2.7-2.8-2.9-3.1-3.2-3.3-3.4-3.5-3.6-3.7-3.8-3.9,57,57,48000,5700,11.875
600180,8.97,7.82,5.52,7.02,7.25,6.9,0.16,500,5.58-5.74-5.9-6.06-6.22-6.38-6.54-6.7-6.86-7.02-7.18-7.34-7.5-7.66-7.82,81,75,46340,6000,12.94777729823047
600182,17.77,undefined,12.55,15.24,15.16,14.52,0.4,200,12.84-13.24-13.64-14.04-14.44-14.84-15.24-15.64-16.04-16.44-16.84-17.24-17.64,45,37,36096,2960,8.200354609929079
600183,36.8,31.23,14.17,25.63,25.49,28.77,0.7999999999999999,100,14.43-15.23-16.03-16.83-17.63-18.43-19.23-20.03-20.83-21.63-22.43-23.23-24.03-24.83-25.63-26.43-27.23-28.03-28.83-29.63-30.43-31.23,142,139,47103,11119.999999999998,23.607838141944246
600184,13.36,12.87,8.81,10.95,11.09,11.58,0.2666666666666666,300,8.82-9.09-9.36-9.63-9.9-10.17-10.44-10.71-10.98-11.25-11.52-11.79-12.06-12.33-12.6-12.87,122,117,48195,9359.999999999998,19.421101774042945
600185,18.1,10.09,3.74,11.35,10.92,13.25,0.26666666666666666,300,3.88-4.15-4.42-4.69-4.96-5.23-5.5-5.77-6.04-6.31-6.58-6.85-7.12-7.39-7.66-7.93-8.2-8.47-8.74-9.01-9.28-9.55-9.82-10.09,33,33,47265,2640,5.585528403681371
600186,3.68,2.64,1.53,2.59,2.61,2.56,0.06666666666666665,1500,1.59-1.66-1.73-1.8-1.87-1.94-2.01-2.08-2.15-2.22-2.29-2.36-2.43-2.5-2.57-2.64,56,55,46800,5499.999999999999,11.75213675213675
600187,3.26,2.8,2.02,2.52,2.64,2.41,0.0625,1600,2.08-2.14-2.2-2.26-2.32-2.38-2.44-2.5-2.56-2.62-2.68-2.74-2.8,84,77,46272,7700,16.64073305670816
600188,11.65,11.22,8.07,9.72,9.86,9.2,0.25,400,8.22-8.47-8.72-8.97-9.22-9.47-9.72-9.97-10.22-10.47-10.72-10.97-11.22,66,58,46056.00000000001,5800,12.593364599617855
600189,4.57,4.07,2.92,3.63,3.75,4.21,0.09090909090909091,1100,2.99-3.08-3.17-3.26-3.35-3.44-3.53-3.62-3.71-3.8-3.89-3.98-4.07,100,100,46002,10000,21.738185296291466
600190,3.6,3.45,2.43,3.11,3.02,3.12,0.07692307692307691,1300,2.49-2.57-2.65-2.73-2.81-2.89-2.97-3.05-3.13-3.21-3.29-3.37-3.45,73,69,45708,6899.999999999998,15.095825676030449
600191,10.2,6.57,3.92,6.69,7.06,6.27,0.16666666666666666,600,4.02-4.19-4.36-4.53-4.7-4.87-5.04-5.21-5.38-5.55-5.72-5.89-6.06-6.23-6.4-6.57,98,97,46890,9699.999999999998,20.686713584986133
600192,6.55,6.23,4.07,5.22,5.31,5.4,0.13333333333333333,600,4.15-4.28-4.41-4.54-4.67-4.8-4.93-5.06-5.19-5.32-5.45-5.58-5.71-5.84-5.97-6.1-6.23,116,109,49200,8720,17.723577235772357
600193,6,4.53,3.15,3.93,4.58,4.83,0.09999999999999999,1000,3.23-3.33-3.43-3.53-3.63-3.73-3.83-3.93-4.03-4.13-4.23-4.33-4.43-4.53,65,65,49790,6499.999999999999,13.054830287206263
600195,18.98,17.66,10.25,14.06,14.62,17,0.4,200,10.46-10.86-11.26-11.66-12.06-12.46-12.86-13.26-13.66-14.06-14.46-14.86-15.26-15.66-16.06-16.46-16.86-17.26-17.66,188,187,49896,14960,29.98236331569665
600196,62.8,36.88,23.6,33.68,43.2,62.23,0.7999999999999999,100,24.08-24.88-25.68-26.48-27.28-28.08-28.88-29.68-30.48-31.28-32.08-32.88-33.68-34.48-35.28-36.08-36.88,87,87,48128,6959.999999999999,14.461436170212764
600197,24.39,18.9,12.31,16.9,18.35,19.58,0.4,200,12.5-12.9-13.3-13.7-14.1-14.5-14.9-15.3-15.7-16.1-16.5-16.9-17.3-17.7-18.1-18.5-18.9,76,76,49600,6080,12.258064516129032
600198,19.19,12.92,7.7,12.3,13.45,13.38,0.33333333333333337,300,7.97-8.3-8.63-8.96-9.29-9.62-9.95-10.28-10.61-10.94-11.27-11.6-11.93-12.26-12.59-12.92,157,157,46260,15700,33.93860786856896
600199,8.49,7.3,4.73,6.5,6.61,7.08,0.16,500,4.74-4.9-5.06-5.22-5.38-5.54-5.7-5.86-6.02-6.18-6.34-6.5-6.66-6.82-6.98-7.14-7.3,118,116,47520,9280,19.52861952861953
600200,11.86,7.89,4.72,7.69,8.29,7.59,0.2,500,4.89-5.09-5.29-5.49-5.69-5.89-6.09-6.29-6.49-6.69-6.89-7.09-7.29-7.49-7.69-7.89,81,79,47175,7900,16.746157922628512
600201,29.7,21.32,14.23,20.82,21.97,29.19,0.5,200,14.32-14.82-15.32-15.82-16.32-16.82-17.32-17.82-18.32-18.82-19.32-19.82-20.32-20.82-21.32,76,76,49196,7600,15.448410439873161
600202,5.52,undefined,3.82,4.68,4.67,4.65,0.11428571428571428,700,3.88-3.99-4.1-4.21-4.32-4.43-4.54-4.65-4.76-4.87-4.98-5.09-5.2-5.31-5.42,100,93,45031,7440,16.52195154449157
600203,14.22,9.5,5.02,9,9.62,9.01,0.25,400,6-7-8-9-5.25-5.5-5.75-6.25-6.5-6.75-7.25-7.5-7.75-8.25-8.5-8.75-9.25-9.5,79,77,49300,7700,15.61866125760649
600206,17.68,13.92,9.23,12.97,13.46,14.85,0.3333333333333333,300,9.3-9.63-9.96-10.29-10.62-10.95-11.28-11.61-11.94-12.27-12.6-12.93-13.26-13.59-13.92,127,127,48069,12699.999999999998,26.420354074351447
600207,5.74,5.48,3.73,4.74,4.74,5.22,0.1142857142857143,700,3.83-3.94-4.05-4.16-4.27-4.38-4.49-4.6-4.71-4.82-4.93-5.04-5.15-5.26-5.37-5.48,162,160,48300,12800.000000000002,26.501035196687376
600208,5.13,4.05,2.8,3.7,3.97,3.41,0.09090909090909091,1100,2.88-2.97-3.06-3.15-3.24-3.33-3.42-3.51-3.6-3.69-3.78-3.87-3.96-4.05,117,110,48906,11000,22.49212775528565
600209,5.84,3.95,2.39,3.58,4.12,5.57,0.08888888888888889,900,2.42-2.51-2.6-2.69-2.78-2.87-2.96-3.05-3.14-3.23-3.32-3.41-3.5-3.59-3.68-3.77-3.86-3.95,117,117,48042,9360,19.482952416635445
600210,5.87,4.7,3.17,4.38,4.52,4.67,0.1111111111111111,900,3.27-3.38-3.49-3.6-3.71-3.82-3.93-4.04-4.15-4.26-4.37-4.48-4.59-4.7,72,72,45981,7200,15.658641612840086
600212,5.84,4.08,2.53,4.08,4.18,3.17,0.1,1000,2.58-2.68-2.78-2.88-2.98-3.08-3.18-3.28-3.38-3.48-3.58-3.68-3.78-3.88-3.98-4.08,109,100,49200,10000,20.32520325203252
600213,12.36,9.69,6.62,8.89,9.49,7.62,0.2,400,6.69-6.89-7.09-7.29-7.49-7.69-7.89-8.09-8.29-8.49-8.69-8.89-9.09-9.29-9.49-9.69,148,137,48540,10960,22.57931602801813
600215,12.39,8.11,4.91,8.11,8.65,5.42,0.2,500,5.11-5.31-5.51-5.71-5.91-6.11-6.31-6.51-6.71-6.91-7.11-7.31-7.51-7.71-7.91-8.11,66,53,48825,5300.000000000001,10.85509472606247
600216,22.31,17.55,10.11,15.15,16.21,18.77,0.4,200,10.35-10.75-11.15-11.55-11.95-12.35-12.75-13.15-13.55-13.95-14.35-14.75-15.15-15.55-15.95-16.35-16.75-17.15-17.55,136,136,49500,10880.000000000002,21.979797979797983
600217,8.15,6.44,4.64,5.76,6.4,5.23,0.14285714285714285,700,4.76-4.9-5.04-5.18-5.32-5.46-5.6-5.74-5.88-6.02-6.16-6.3-6.44,124,116,46452,11599.999999999998,24.972014122104532
600218,15.72,12.54,8.24,11.16,11.98,9.42,0.26666666666666666,300,12-8.49-8.76-9.03-9.3-9.57-9.84-10.11-10.38-10.65-10.92-11.19-11.46-11.73-12.27-12.54,123,112,46710,8960,19.182187968315137
600219,2.64,undefined,2,2.22,2.32,2.37,0.05555555555555556,1800,2.05-2.11-2.17-2.23-2.29-2.35-2.41-2.47-2.53-2.59,52,48,37098,4800.000000000001,12.938702895034776
600220,3.35,2.66,1.84,2.5,2.6,3.24,0.0625,1600,2-1.88-1.94-2.06-2.12-2.18-2.24-2.3-2.36-2.42-2.48-2.54-2.6-2.66,95,95,46592,9500,20.389766483516482
600221,2.06,2.02,1.38,1.71,1.72,1.58,0.042105263157894736,1900,1.42-1.46-1.5-1.54-1.58-1.62-1.66-1.7-1.74-1.78-1.82-1.86-1.9-1.94-1.98-2.02,129,118,48450,9439.999999999998,19.484004127966973
600222,8.9,5.81,3.83,5.85,6.37,6.95,0.14285714285714288,700,3.85-3.99-4.13-4.27-4.41-4.55-4.69-4.83-4.97-5.11-5.25-5.39-5.53-5.67-5.81,100,100,46648,10000.000000000002,21.437146287086268
600223,15.62,7.68,3.26,8.28,9.44,15.6,0.2,400,3.28-3.48-3.68-3.88-4.08-4.28-4.48-4.68-4.88-5.08-5.28-5.48-5.68-5.88-6.08-6.28-6.48-6.68-6.88-7.08-7.28-7.48-7.68,121,121,47344,9680.000000000002,20.4460966542751
600225,3.92,2.64,1.54,2.72,2.73,1.79,0.06666666666666667,1500,1.59-1.66-1.73-1.8-1.87-1.94-2.01-2.08-2.15-2.22-2.29-2.36-2.43-2.5-2.57-2.64,96,84,46800,8400,17.94871794871795
600226,4.16,2.71,0.98,2.92,2.57,1.14,0.07272727272727272,1100,1.03-1.1-1.17-1.24-1.31-1.38-1.45-1.52-1.59-1.66-1.73-1.8-1.87-1.94-2.01-2.08-2.15-2.22-2.29-2.36-2.43-2.5-2.57-2.64-2.71,62,40,48444,3200,6.605565188671456
600227,3.39,3.14,2.05,2.76,2.72,2.92,0.06666666666666667,1200,3-2.09-2.16-2.23-2.3-2.37-2.44-2.51-2.58-2.65-2.72-2.79-2.86-2.93-3.07-3.14,131,127,46440,10160,21.877691645133506
600228,13.19,9.46,5.43,9.21,9.31,11.17,0.25,400,5.46-5.71-5.96-6.21-6.46-6.71-6.96-7.21-7.46-7.71-7.96-8.21-8.46-8.71-8.96-9.21-9.46,45,45,46944,4500,9.585889570552148
600229,10.15,8.9,6.43,7.9,8.29,8.09,0.2,500,6.5-6.7-6.9-7.1-7.3-7.5-7.7-7.9-8.1-8.3-8.5-8.7-8.9,77,73,45600,7300.000000000001,16.008771929824565
600230,16.16,12.21,7.48,10.55,11.82,11.78,0.26666666666666666,300,7.62-7.89-8.16-8.43-8.7-8.97-9.24-9.51-9.78-10.05-10.32-10.59-10.86-11.13-11.4-11.67-11.94-12.21,92,90,49878,7200,14.435221941537351
600231,3.3,2.8,2.05,2.52,2.68,2.3,0.0625,1600,2.08-2.14-2.2-2.26-2.32-2.38-2.44-2.5-2.56-2.62-2.68-2.74-2.8,71,63,46272,6300,13.615145228215768
600232,8.66,7.59,5.5,6.72,7.08,6.29,0.16666666666666666,600,5.55-5.72-5.89-6.06-6.23-6.4-6.57-6.74-6.91-7.08-7.25-7.42-7.59,129,121,46692,12099.999999999998,25.914503555212878
600233,17.5,14.77,10.29,13.48,13.9,15.31,0.33333333333333337,300,10.48-10.81-11.14-11.47-11.8-12.13-12.46-12.79-13.12-13.45-13.78-14.11-14.44-14.77,94,94,48594,9400,19.343951928221593
600234,10.47,undefined,6.91,9,8.69,9.9,0.25,400,7-8-9-10-7.25-7.5-7.75-8.25-8.5-8.75-9.25-9.5-9.75-10.25,79,78,44200,7800,17.647058823529413
600235,6.38,5.66,3.95,5.01,5.17,5.39,0.125,800,4.01-4.14-4.26-4.39-4.51-4.64-4.76-4.89-5.01-5.14-5.27-5.4-5.53-5.66,125,123,49560,12300,24.818401937046005
600236,6.26,5.73,4.14,4.65,5.2,4.46,0.11428571428571428,700,4.19-4.3-4.41-4.52-4.63-4.74-4.85-4.96-5.07-5.18-5.29-5.4-5.51-5.62-5.73,48,36,48069,2879.9999999999995,5.991387380640329
600237,6.77,4.43,2.71,4.45,4.74,4,0.1111111111111111,900,3-2.78-2.89-3.11-3.22-3.33-3.44-3.55-3.66-3.77-3.88-3.99-4.1-4.21-4.32-4.43,126,122,47925,12200,25.456442357850808
600238,10.49,6.84,3.94,6.04,7.22,4.9,0.16,500,3.96-4.12-4.28-4.44-4.6-4.76-4.92-5.08-5.24-5.4-5.56-5.72-5.88-6.04-6.2-6.36-6.52-6.68-6.84,84,71,47880,5680,11.862990810359232
600239,5.38,3.67,2.34,3.68,3.86,4.42,0.09090909090909091,1100,2.41-2.5-2.59-2.68-2.77-2.86-2.95-3.04-3.13-3.22-3.31-3.4-3.49-3.58-3.67,131,131,46123,13100.000000000002,28.402315547557624
600241,6.27,4.53,2.96,4.43,4.62,3.26,0.11111111111111112,900,2.99-3.1-3.21-3.32-3.43-3.54-3.65-3.76-3.87-3.98-4.09-4.2-4.31-4.42-4.53,42,30,46683,3000,6.4263222157959
600242,11.38,6.91,2.83,7.91,7.11,2.91,0.19999999999999998,500,2.91-3.11-3.31-3.51-3.71-3.91-4.11-4.31-4.51-4.71-4.91-5.11-5.31-5.51-5.71-5.91-6.11-6.31-6.51-6.71-6.91,50,30,48100,2999.9999999999995,6.237006237006236
600243,5.75,4.13,2.05,4.26,3.9,2.58,0.1111111111111111,900,2.15-2.26-2.37-2.48-2.59-2.7-2.81-2.92-3.03-3.14-3.25-3.36-3.47-3.58-3.69-3.8-3.91-4.02-4.13,85,71,49977,7100,14.206535006102808
600246,9.61,6.36,3.61,6.81,6.61,8.7,0.16666666666666669,600,5-3.64-3.81-3.98-4.15-4.32-4.49-4.66-4.83-5.17-5.34-5.51-5.68-5.85-6.02-6.19-6.36,60,60,47184,6000.000000000001,12.716174974567652
600247,4.87,2.61,1.53,2.63,3.2,1.72,0.06666666666666667,1500,1.56-1.63-1.7-1.77-1.84-1.91-1.98-2.05-2.12-2.19-2.26-2.33-2.4-2.47-2.54-2.61,35,22,46125,2200,4.769647696476965
600248,5.01,5.01,3.59,4.25,4.3,4.35,0.11111111111111112,900,3.69-3.8-3.91-4.02-4.13-4.24-4.35-4.46-4.57-4.68-4.79-4.9-5.01,105,99,46386,9900,21.342646488164533
600249,5.5,5.38,3.56,4.53,4.53,4.88,0.1142857142857143,700,3.62-3.73-3.84-3.95-4.06-4.17-4.28-4.39-4.5-4.61-4.72-4.83-4.94-5.05-5.16-5.27-5.38,158,153,49784,12240.000000000002,24.586212437731003
600250,8.6,7.51,4.85,6.23,6.73,6.32,0.16,500,4.95-5.11-5.27-5.43-5.59-5.75-5.91-6.07-6.23-6.39-6.55-6.71-6.87-7.03-7.19-7.35-7.51,140,132,49200,10560,21.463414634146343
600251,7.64,7.34,4.75,6.38,6.2,7.1,0.16,500,4.78-4.94-5.1-5.26-5.42-5.58-5.74-5.9-6.06-6.22-6.38-6.54-6.7-6.86-7.02-7.18-7.34,133,131,47840,10480,21.906354515050168
600252,3.98,3.71,2.71,3.33,3.35,3.81,0.08333333333333334,1200,2.75-2.83-2.91-2.99-3.07-3.15-3.23-3.31-3.39-3.47-3.55-3.63-3.71,91,91,45936,9100,19.81017067223964
600255,1.99,1.31,0.84,1.31,1.42,1.2,0.03225806451612903,3100,0.86-0.89-0.92-0.95-0.98-1.01-1.04-1.07-1.1-1.13-1.16-1.19-1.22-1.25-1.28-1.31,90,87,49755,8700,17.485679831172746
600256,3.66,3.46,2.4,3.04,3.03,2.94,0.07692307692307693,1300,2.42-2.5-2.58-2.66-2.74-2.82-2.9-2.98-3.06-3.14-3.22-3.3-3.38-3.46,50,43,49010,4300,8.773719649051214
600257,4.95,4.47,3.21,4.07,4.08,4.8,0.1,1000,3.27-3.37-3.47-3.57-3.67-3.77-3.87-3.97-4.07-4.17-4.27-4.37-4.47,125,125,45840,12500,27.26876090750436
600258,21.72,19.05,12.93,17.05,17.33,17.67,0.4,200,13.05-13.45-13.85-14.25-14.65-15.05-15.45-15.85-16.25-16.65-17.05-17.45-17.85-18.25-18.65-19.05,153,149,47550,11920,25.068349106203996
600259,40.65,38.69,25.89,33.09,33.27,33.98,0.7999999999999999,100,26.69-27.49-28.29-29.09-29.89-30.69-31.49-32.29-33.09-33.89-34.69-35.49-36.29-37.09-37.89-38.69,139,133,48435,10640,21.967585423763808
600260,20.85,17.66,10.37,14.46,15.61,14.25,0.4,200,10.46-10.86-11.26-11.66-12.06-12.46-12.86-13.26-13.66-14.06-14.46-14.86-15.26-15.66-16.06-16.46-16.86-17.26-17.66,138,130,49896,10400,20.84335417668751
600261,5,4.68,3.43,4.18,4.22,4.78,0.09999999999999999,1000,3.48-3.58-3.68-3.78-3.88-3.98-4.08-4.18-4.28-4.38-4.48-4.58-4.68,90,90,48360,9000,18.610421836228287
600262,22.95,21.43,14.4,18.43,18.68,20.24,0.49999999999999994,200,14.43-14.93-15.43-15.93-16.43-16.93-17.43-17.93-18.43-18.93-19.43-19.93-20.43-20.93-21.43,76,73,49504,7299.999999999998,14.746283128636065
600265,28.48,undefined,18.62,22.89,23.55,20.15,0.8,100,18.89-19.69-20.49-21.29-22.09-22.89-23.69-24.49-25.29-26.09-26.89-27.69,33,24,25179,1920.0000000000002,7.625402120814966
600266,8.8,7.48,5,7.16,6.9,5.52,0.16,500,7-5.08-5.24-5.4-5.56-5.72-5.88-6.04-6.2-6.36-6.52-6.68-6.84-7.16-7.32-7.48,44,32,46500,2560,5.505376344086022
600267,20.79,17.06,9.17,14.26,14.98,19.91,0.39999999999999997,200,9.46-9.86-10.26-10.66-11.06-11.46-11.86-12.26-12.66-13.06-13.46-13.86-14.26-14.66-15.06-15.46-15.86-16.26-16.66-17.06,158,158,49628,12640,25.469493028129282
600268,13.55,8.2,4.11,8.2,8.83,8.47,0.2,400,5-6-7-8-4.2-4.4-4.6-4.8-5.2-5.4-5.6-5.8-6.2-6.4-6.6-6.8-7.2-7.4-7.6-7.8-8.2,102,102,48800,8160.000000000001,16.721311475409838
600269,4.6,undefined,3.44,3.91,4.02,3.59,0.1,1000,3.51-3.61-3.71-3.81-3.91-4.01-4.11-4.21-4.31-4.41-4.51,28,19,39600,1900.0000000000002,4.7979797979797985
600271,25.88,21.95,15.4,20.95,20.64,17.49,0.49999999999999994,200,15.45-15.95-16.45-16.95-17.45-17.95-18.45-18.95-19.45-19.95-20.45-20.95-21.45-21.95,49,40,47970,3999.999999999999,8.338544923910774
600272,9.77,9.02,6.4,7.82,8.09,8.2,0.2,500,6.42-6.62-6.82-7.02-7.22-7.42-7.62-7.82-8.02-8.22-8.42-8.62-8.82-9.02,104,100,49530,10000,20.189783969311527
600273,13.44,12.61,8.32,10.43,10.88,13.03,0.26666666666666666,300,8.56-8.83-9.1-9.37-9.64-9.91-10.18-10.45-10.72-10.99-11.26-11.53-11.8-12.07-12.34-12.61,116,116,47025,9280,19.73418394471026
600275,3.24,2.75,1.83,2.31,2.54,3.1,0.05714285714285715,1400,1.85-1.91-1.97-2.03-2.09-2.15-2.21-2.27-2.33-2.39-2.45-2.51-2.57-2.63-2.69-2.75,123,123,47670,9840.000000000002,20.641913152926374
600277,5.2,4.46,3.22,4.16,4.21,3.58,0.1,1000,3.26-3.36-3.46-3.56-3.66-3.76-3.86-3.96-4.06-4.16-4.26-4.36-4.46,89,80,45720,8000,17.497812773403325
600278,13.53,12.76,8.55,11.11,11.04,9.94,0.26666666666666666,300,8.71-8.98-9.25-9.52-9.79-10.06-10.33-10.6-10.87-11.14-11.41-11.68-11.95-12.22-12.49-12.76,132,121,47700,9680,20.29350104821803
600279,5.03,4.63,3.4,4.13,4.22,3.81,0.09999999999999999,1000,3.43-3.53-3.63-3.73-3.83-3.93-4.03-4.13-4.23-4.33-4.43-4.53-4.63,67,58,47760,5800,12.144053601340033
600280,3.76,2.48,1.37,2.31,2.57,1.55,0.05714285714285715,1400,2-1.4-1.46-1.52-1.58-1.64-1.7-1.76-1.82-1.88-1.94-2.06-2.12-2.18-2.24-2.3-2.36-2.42-2.48,84,68,48132,5440.000000000001,11.302252139948477
600281,6.1,4.72,3.28,4.4,4.69,4.2,0.1111111111111111,900,3.29-3.4-3.51-3.62-3.73-3.84-3.95-4.06-4.17-4.28-4.39-4.5-4.61-4.72,100,95,46215,9500,20.556096505463593
600282,3.94,3.76,2.7,3.3,3.32,3.29,0.08333333333333333,1200,2.72-2.8-2.88-2.96-3.04-3.12-3.2-3.28-3.36-3.44-3.52-3.6-3.68-3.76,95,89,49920,8900,17.828525641025642
600283,17.86,12.42,7.86,11.3,12.86,12.16,0.26666666666666666,300,8.1-8.37-8.64-8.91-9.18-9.45-9.72-9.99-10.26-10.53-10.8-11.07-11.34-11.61-11.88-12.15-12.42,101,100,48600,8000,16.46090534979424
600284,8.05,7.92,5.99,6.72,7.02,6.62,0.16666666666666666,600,6.05-6.22-6.39-6.56-6.73-6.9-7.07-7.24-7.41-7.58-7.75-7.92,67,59,45540,5899.999999999999,12.955643390425996
600285,11.9,11.05,7.67,9.55,9.79,11.71,0.24999999999999997,400,7.8-8.05-8.3-8.55-8.8-9.05-9.3-9.55-9.8-10.05-10.3-10.55-10.8-11.05,102,102,48360,10199.999999999998,21.091811414392055
600287,7.06,6.68,4.99,6,6.03,6.12,0.14285714285714285,700,5-5.14-5.28-5.42-5.56-5.7-5.84-5.98-6.12-6.26-6.4-6.54-6.68,79,75,48468,7499.999999999999,15.474127259222577
600288,14.1,13.84,9.98,11.93,12.04,11.67,0.26666666666666666,300,10.06-10.33-10.6-10.87-11.14-11.41-11.68-11.95-12.22-12.49-12.76-13.03-13.3-13.57-13.84,123,115,49623,9200,18.539790016726116
600289,6.23,4.14,2.1,4.14,4.17,4.6,0.1,800,2.14-2.24-2.34-2.44-2.54-2.64-2.74-2.84-2.94-3.04-3.14-3.24-3.34-3.44-3.54-3.64-3.74-3.84-3.94-4.04-4.14,90,90,49440,7200,14.563106796116505
600290,5.71,2.38,0.99,2.65,3.35,1.32,0.06666666666666667,1500,1.05-1.12-1.19-1.26-1.33-1.4-1.47-1.54-1.61-1.68-1.75-1.82-1.89-1.96-2.03-2.1-2.17-2.24-2.31-2.38,36,21,47880,2100,4.385964912280702
600291,15.99,10.15,6.57,9.9,11.28,10.6,0.25,400,6.65-6.9-7.15-7.4-7.65-7.9-8.15-8.4-8.65-8.9-9.15-9.4-9.65-9.9-10.15,87,87,46340,8700,18.774277082434182
600292,7.37,6.47,4.53,5.65,5.95,5.5,0.14285714285714285,700,4.65-4.79-4.93-5.07-5.21-5.35-5.49-5.63-5.77-5.91-6.05-6.19-6.33-6.47,53,46,49959,4600,9.207550191156749
600293,4.82,3.62,2.24,3.22,3.53,2.64,0.08,1000,2.26-2.34-2.42-2.5-2.58-2.66-2.74-2.82-2.9-2.98-3.06-3.14-3.22-3.3-3.38-3.46-3.54-3.62,103,91,49300,7280,14.766734279918865
600295,9.85,9.35,6.86,8.15,8.36,9.85,0.2,500,6.95-7.15-7.35-7.55-7.75-7.95-8.15-8.35-8.55-8.75-8.95-9.15-9.35,79,79,48300,7900,16.356107660455486
600297,4.79,4.13,3.03,3.69,3.91,3.9,0.09090909090909091,1100,3.05-3.14-3.23-3.32-3.41-3.5-3.59-3.68-3.77-3.86-3.95-4.04-4.13,152,150,46794,15000,32.05539171688678
600298,69.48,41.04,25.17,36.04,47.33,65.9,1,100,26.04-27.04-28.04-29.04-30.04-31.04-32.04-33.04-34.04-35.04-36.04-37.04-38.04-39.04-40.04-41.04,51,51,49560,5100,10.290556900726392
600299,14.48,13.54,9.7,11.63,12.09,14.23,0.2666666666666666,300,13-9.76-10.03-10.3-10.57-10.84-11.11-11.38-11.65-11.92-12.19-12.46-12.73-13.27-13.54,127,127,48363,10159.999999999998,21.007795215350573
600300,4.08,3.5,2.39,3.29,3.24,3.57,0.08333333333333333,1200,2.46-2.54-2.62-2.7-2.78-2.86-2.94-3.02-3.1-3.18-3.26-3.34-3.42-3.5,118,118,45864,11799.999999999998,25.728240013954295
600301,7.32,undefined,5.66,6.45,6.49,6.34,0.16,500,5.81-5.97-6.13-6.29-6.45-6.61-6.77-6.93-7.09-7.25,63,57,29025,4560.000000000001,15.710594315245482
600302,5.65,5.27,3.51,4.54,4.58,4.68,0.1142857142857143,700,3.51-3.62-3.73-3.84-3.95-4.06-4.17-4.28-4.39-4.5-4.61-4.72-4.83-4.94-5.05-5.16-5.27,160,154,48552,12320.000000000002,25.374855824682818
600303,5.21,3.96,2.78,3.7,4,3.56,0.09090909090909091,1100,2.79-2.88-2.97-3.06-3.15-3.24-3.33-3.42-3.51-3.6-3.69-3.78-3.87-3.96,152,147,47619,14700,30.87003087003087
600305,23.79,19.19,13.13,17.19,18.46,20.13,0.39999999999999997,200,13.19-13.59-13.99-14.39-14.79-15.19-15.59-15.99-16.39-16.79-17.19-17.59-17.99-18.39-18.79-19.19,98,98,47970,7839.999999999999,16.34354805086512
600306,8.37,6.1,3.96,5.49,6.16,4.61,0.13333333333333333,600,4.02-4.15-4.28-4.41-4.54-4.67-4.8-4.93-5.06-5.19-5.32-5.45-5.58-5.71-5.84-5.97-6.1,127,115,47952,9200,19.185852519185854
600307,2.12,2.09,1.48,1.81,1.8,1.64,0.045454545454545456,2200,1.49-1.54-1.59-1.64-1.69-1.74-1.79-1.84-1.89-1.94-1.99-2.04-2.09,52,43,46596,4300,9.228259936475235
600308,5.32,undefined,3.91,4.55,4.62,4.97,0.11428571428571428,700,3.98-4.09-4.2-4.31-4.42-4.53-4.64-4.75-4.86-4.97-5.08-5.19-5.3,67,64,38514,5120,13.293867165186686
600310,5.17,4.92,3.41,4.22,4.29,4.08,0.09999999999999999,800,3.42-3.52-3.62-3.72-3.82-3.92-4.02-4.12-4.22-4.32-4.42-4.52-4.62-4.72-4.82-4.92,108,100,49440,8000,16.181229773462782
600311,5.02,2.92,1.34,3.4,3.18,1.71,0.08333333333333333,1200,1.4-1.48-1.56-1.64-1.72-1.8-1.88-1.96-2.04-2.12-2.2-2.28-2.36-2.44-2.52-2.6-2.68-2.76-2.84-2.92,60,45,48336,4500,9.309831181727905
600312,10.46,8.25,5.16,8.25,7.81,8.3,0.2,500,5.25-5.45-5.65-5.85-6.05-6.25-6.45-6.65-6.85-7.05-7.25-7.45-7.65-7.85-8.05-8.25,65,65,49875,6500,13.032581453634085
600313,4.92,3.73,2.3,3.65,3.61,4.04,0.0909090909090909,1100,2.38-2.47-2.56-2.65-2.74-2.83-2.92-3.01-3.1-3.19-3.28-3.37-3.46-3.55-3.64-3.73,134,134,49665,13399.999999999998,26.980771166817675
600315,52.2,37.94,24.44,34.74,38.32,46.55,0.8,100,25.14-25.94-26.74-27.54-28.34-29.14-29.94-30.74-31.54-32.34-33.14-33.94-34.74-35.54-36.34-37.14-37.94,62,62,49824,4960,9.955041746949261
600316,28.93,18.18,11.3,16.58,20.12,26.7,0.4,200,11.38-11.78-12.18-12.58-12.98-13.38-13.78-14.18-14.58-14.98-15.38-15.78-16.18-16.58-16.98-17.38-17.78-18.18,111,111,49572,8880.000000000002,17.913338174776086
600317,3.1,2.94,2,2.47,2.55,2.67,0.061538461538461535,1300,2.04-2.1-2.16-2.22-2.28-2.34-2.4-2.46-2.52-2.58-2.64-2.7-2.76-2.82-2.88-2.94,72,67,47970,5359.999999999999,11.17365019804044
600318,16.65,10.8,5.12,10.46,10.89,11.6,0.26666666666666666,300,5.13-5.4-5.67-5.94-6.21-6.48-6.75-7.02-7.29-7.56-7.83-8.1-8.37-8.64-8.91-9.18-9.45-9.72-9.99-10.26-10.53-10.8,159,159,49329,12720,25.786048774554523
600319,6.63,5.95,3.86,5.2,5.25,4.54,0.13333333333333333,600,4-3.87-4.13-4.26-4.39-4.52-4.65-4.78-4.91-5.04-5.17-5.3-5.43-5.56-5.69-5.82-5.95,143,132,46512,10560,22.703818369453046
600320,3.98,3.8,2.82,3.34,3.4,3.07,0.08333333333333333,1200,3-2.84-2.92-3.08-3.16-3.24-3.32-3.4-3.48-3.56-3.64-3.72-3.8,51,42,47232,4200,8.892276422764228
600321,2.77,2.34,1.66,2.11,2.22,2.02,0.052631578947368425,1900,1.69-1.74-1.79-1.84-1.89-1.94-1.99-2.04-2.09-2.14-2.19-2.24-2.29-2.34,134,127,49153,12700.000000000002,25.837690476674876
600322,3.97,3.2,2.34,2.86,3.16,2.71,0.07142857142857142,1400,2.36-2.43-2.5-2.57-2.64-2.71-2.78-2.85-2.92-2.99-3.06-3.13-3.2,72,65,46116,6499.999999999999,14.09489114407147
600323,27.9,22.5,15.93,20,21.92,26.65,0.5,200,16-17-18-19-20-21-22-16.5-17.5-18.5-19.5-20.5-21.5-22.5,77,77,49400,7700,15.587044534412955
600325,8.78,8.71,6.02,7.31,7.4,7.09,0.19999999999999998,500,6.11-6.31-6.51-6.71-6.91-7.11-7.31-7.51-7.71-7.91-8.11-8.31-8.51-8.71,64,56,47515,5600,11.78575186783121
600326,10.96,8.58,5.68,7.58,8.32,10.54,0.2,500,5.78-5.98-6.18-6.38-6.58-6.78-6.98-7.18-7.38-7.58-7.78-7.98-8.18-8.38-8.58,70,70,49560,7000,14.124293785310735
600327,6.13,4.81,3.29,4.27,4.71,4.17,0.11111111111111112,900,3.38-3.49-3.6-3.71-3.82-3.93-4.04-4.15-4.26-4.37-4.48-4.59-4.7-4.81,128,122,47268,12200.000000000002,25.810273335025816
600328,9.55,9.45,7.03,8.25,8.29,8.25,0.2,500,7.05-7.25-7.45-7.65-7.85-8.05-8.25-8.45-8.65-8.85-9.05-9.25-9.45,85,79,48900,7900,16.155419222903884
600329,20.55,18.77,12.05,15.17,16.3,19.1,0.39999999999999997,200,12.37-12.77-13.17-13.57-13.97-14.37-14.77-15.17-15.57-15.97-16.37-16.77-17.17-17.57-17.97-18.37-18.77,85,85,49184,6800,13.825634352635003
600330,13.14,9.77,5.74,9.02,9.44,11.16,0.25,400,5.77-6.02-6.27-6.52-6.77-7.02-7.27-7.52-7.77-8.02-8.27-8.52-8.77-9.02-9.27-9.52-9.77,104,104,48928,10400,21.255722694571617
600331,3.32,2.77,1.96,2.55,2.64,2.8,0.0625,1600,1.99-2.05-2.11-2.17-2.23-2.29-2.35-2.41-2.47-2.53-2.59-2.65-2.71-2.77,136,136,48880,13600,27.823240589198036
600332,43.2,40.94,29.21,35.34,36.21,37.16,0.8,100,29.74-30.54-31.34-32.14-32.94-33.74-34.54-35.34-36.14-36.94-37.74-38.54-39.34-40.14-40.94,96,91,48916,7280,14.882655981682884
600333,6.09,5.4,3.61,4.87,4.85,4.2,0.125,800,3.62-3.75-3.88-4.01-4.14-4.26-4.39-4.51-4.64-4.76-4.89-5.01-5.14-5.27-5.4,53,43,49816,4300,8.631764894812912
600335,7.22,6.46,4.55,5.64,5.89,4.98,0.14285714285714285,700,4.64-4.78-4.92-5.06-5.2-5.34-5.48-5.62-5.76-5.9-6.04-6.18-6.32-6.46,76,65,49868,6499.999999999999,13.03441084462982
600336,9.23,5.82,3.85,5.86,6.54,9.23,0.14285714285714288,700,4-3.86-4.14-4.28-4.42-4.56-4.7-4.84-4.98-5.12-5.26-5.4-5.54-5.68-5.82,103,103,46746,10300.000000000002,22.03397082103282
600337,5.31,5.02,3.51,4.37,4.41,5.02,0.11111111111111112,900,3.59-3.7-3.81-3.92-4.03-4.14-4.25-4.36-4.47-4.58-4.69-4.8-4.91-5.02,169,169,49725,16900,33.98692810457516
600338,19.37,11.68,7.09,11.36,13.23,12.36,0.26666666666666666,300,7.09-7.36-7.63-7.9-8.17-8.44-8.71-8.98-9.25-9.52-9.79-10.06-10.33-10.6-10.87-11.14-11.41-11.68,88,88,47175,7039.999999999999,14.923158452570215
600339,4.45,3.3,2.25,3.03,3.35,2.49,0.07692307692307693,1300,2.26-2.34-2.42-2.5-2.58-2.66-2.74-2.82-2.9-2.98-3.06-3.14-3.22-3.3,43,33,46306,3300.0000000000005,7.126506284282816
600340,33.57,33.02,17.11,25.02,25.34,17.35,0.8,100,17.82-18.62-19.42-20.22-21.02-21.82-22.62-23.42-24.22-25.02-25.82-26.62-27.42-28.22-29.02-29.82-30.62-31.42-32.22-33.02,63,44,47538,3520.0000000000005,7.404602633682529
600343,11.3,10.49,6.98,9.24,9.14,9.15,0.25,400,6.99-7.24-7.49-7.74-7.99-8.24-8.49-8.74-8.99-9.24-9.49-9.74-9.99-10.24-10.49,100,95,48244,9500,19.691567863361247
600345,30.99,undefined,16.79,23.13,23.89,20.84,0.8,100,17.53-18.33-19.13-19.93-20.73-21.53-22.33-23.13-23.93-24.73-25.53-26.33-27.13-27.93-28.73-29.53-30.33,92,80,37648,6400,16.999575010624735
600346,18.45,17.77,10.76,14.57,14.61,16.27,0.4,200,10.97-11.37-11.77-12.17-12.57-12.97-13.37-13.77-14.17-14.57-14.97-15.37-15.77-16.17-16.57-16.97-17.37-17.77,105,101,48178,8080.000000000001,16.771140354518664
600348,5.99,5.66,4.06,4.99,5.03,4.87,0.125,800,4.12-4.25-4.38-4.51-4.64-4.76-4.89-5.01-5.14-5.27-5.4-5.53-5.66,57,51,46320,5100,11.010362694300518
600350,7.1,6.21,4.03,5.2,5.57,6.75,0.13333333333333333,600,4.13-4.26-4.39-4.52-4.65-4.78-4.91-5.04-5.17-5.3-5.43-5.56-5.69-5.82-5.95-6.08-6.21,65,65,49008,5200,10.610512569376429
600351,6.45,undefined,4.8,5.63,5.63,5.73,0.14285714285714285,700,4.92-5.06-5.2-5.34-5.48-5.62-5.76-5.9-6.04-6.18-6.32,78,74,38850,7400,19.047619047619047
600352,17.23,undefined,11.09,14.11,14.16,14.78,0.39999999999999997,200,11.31-11.71-12.11-12.51-12.91-13.31-13.71-14.11-14.51-14.91-15.31-15.71-16.11-16.51-16.91,74,68,38948,5440,13.967341070144808
600353,7.18,6.25,4.39,5.72,5.79,6,0.14285714285714285,700,4.43-4.57-4.71-4.85-4.99-5.13-5.27-5.41-5.55-5.69-5.83-5.97-6.11-6.25,149,147,47957,14700,30.652459494964237
600354,7.23,5.58,3.06,5.38,5.15,4.68,0.13333333333333333,600,3.11-3.24-3.37-3.5-3.63-3.76-3.89-4.02-4.15-4.28-4.41-4.54-4.67-4.8-4.93-5.06-5.19-5.32-5.45-5.58,167,160,48792,12800,26.233808821118217
600355,4.66,4.02,2.57,3.47,3.62,3.32,0.08888888888888889,900,2.58-2.67-2.76-2.85-2.94-3.03-3.12-3.21-3.3-3.39-3.48-3.57-3.66-3.75-3.84-3.93-4.02,170,162,46872,12960,27.649769585253456
600356,9.4,8.8,6,7.4,7.7,7.39,0.2,500,7-8-6.2-6.4-6.6-6.8-7.2-7.4-7.6-7.8-8.2-8.4-8.6-8.8,65,58,48100,5800.000000000001,12.05821205821206
600358,5.08,3.82,2.49,3.74,3.79,3.08,0.09090909090909091,1100,2.56-2.65-2.74-2.83-2.92-3.01-3.1-3.19-3.28-3.37-3.46-3.55-3.64-3.73-3.82,87,78,48433,7800,16.104721987074928
600359,11.98,7.6,4.29,7.8,8.14,9.8,0.19999999999999998,500,5-6-7-4.4-4.6-4.8-5.2-5.4-5.6-5.8-6.2-6.4-6.6-6.8-7.2-7.4-7.6,138,138,47200,13799.999999999998,29.237288135593214
600360,11.54,8.28,5.31,8.08,8.42,9.5,0.2,500,5.48-5.68-5.88-6.08-6.28-6.48-6.68-6.88-7.08-7.28-7.48-7.68-7.88-8.08-8.28,94,94,47460,9400,19.80615254951538
600361,5.87,4.71,3.1,4.39,4.49,5,0.11111111111111112,900,3.17-3.28-3.39-3.5-3.61-3.72-3.83-3.94-4.05-4.16-4.27-4.38-4.49-4.6-4.71,111,111,48951,11100,22.675736961451246
600362,17.62,undefined,12.1,14.81,14.86,16.19,0.4,200,12.41-12.81-13.21-13.61-14.01-14.41-14.81-15.21-15.61-16.01-16.41-16.81-17.21-17.61,62,59,38506,4720,12.257829948579442
600363,17.01,undefined,11.28,14.24,14.15,16.6,0.4,200,11.44-11.84-12.24-12.64-13.04-13.44-13.84-14.24-14.64-15.04-15.44-15.84-16.24-16.64,134,134,35984,10720,29.79101823032459
600365,6.09,4.47,3.07,4.17,4.58,3.42,0.1,1000,3.17-3.27-3.37-3.47-3.57-3.67-3.77-3.87-3.97-4.07-4.17-4.27-4.37-4.47,112,101,49010,10100.000000000002,20.60803917567844
600366,9.28,7.22,5,6.68,7.14,6.23,0.16666666666666666,600,5.01-5.18-5.35-5.52-5.69-5.86-6.03-6.2-6.37-6.54-6.71-6.88-7.05-7.22,102,96,47034,9600,20.410766679423396
600367,8.83,undefined,6.4,7.67,7.62,7.76,0.2,500,6.47-6.67-6.87-7.07-7.27-7.47-7.67-7.87-8.07-8.27-8.47-8.67,68,63,41085,6300.000000000001,15.334063526834614
600368,5.46,4.88,3.4,4.45,4.43,3.6,0.1111111111111111,900,4-3.45-3.56-3.67-3.78-3.89-4.11-4.22-4.33-4.44-4.55-4.66-4.77-4.88,70,58,48087,5799.999999999999,12.061471915486512
600369,6.3,5.79,4.17,5.13,5.24,5.85,0.12499999999999999,800,4.26-4.39-4.51-4.64-4.76-4.89-5.01-5.14-5.27-5.4-5.53-5.66-5.79,103,103,47568,10299.999999999998,21.653212243525054
600370,4.35,3.5,2.4,3.29,3.38,3.79,0.08333333333333333,1200,2.46-2.54-2.62-2.7-2.78-2.86-2.94-3.02-3.1-3.18-3.26-3.34-3.42-3.5,114,114,45864,11400,24.856096284667714
600371,19.37,13.9,9.19,13.61,14.28,18.63,0.3333333333333333,300,9.28-9.61-9.94-10.27-10.6-10.93-11.26-11.59-11.92-12.25-12.58-12.91-13.24-13.57-13.9,186,186,47985,18600,38.76211316036262
600372,18.88,undefined,12.12,14.89,15.5,17.48,0.4,200,12.49-12.89-13.29-13.69-14.09-14.49-14.89-15.29-15.69-16.09-16.49-16.89-17.29-17.69-18.09-18.49,88,85,45870,6800,14.824504033137126
600373,18.81,15.23,11.03,13.6,14.92,12.67,0.3333333333333333,300,11.27-11.6-11.93-12.26-12.59-12.92-13.25-13.58-13.91-14.24-14.57-14.9-15.23,94,86,47106,8600,18.256697660595254
600375,9.95,6.84,3.66,6.36,6.81,8.16,0.16,500,3.8-3.96-4.12-4.28-4.44-4.6-4.76-4.92-5.08-5.24-5.4-5.56-5.72-5.88-6.04-6.2-6.36-6.52-6.68-6.84,93,93,49780,7440,14.945761349939735
600376,9.66,8.54,5.7,7.34,7.68,6.75,0.19999999999999998,500,5.74-5.94-6.14-6.34-6.54-6.74-6.94-7.14-7.34-7.54-7.74-7.94-8.14-8.34-8.54,61,52,49280,5199.999999999999,10.551948051948049
600377,11.66,undefined,8.91,10.36,10.29,9.81,0.2666666666666666,300,9.03-9.3-9.57-9.84-10.11-10.38-10.65-10.92-11.19-11.46,47,41,27297,3279.999999999999,12.015972451185108
600378,24.77,19.83,11.55,18.83,18.16,21.6,0.5,200,11.83-12.33-12.83-13.33-13.83-14.33-14.83-15.33-15.83-16.33-16.83-17.33-17.83-18.33-18.83-19.33-19.83,118,118,49856,11800,23.66816431322208
600379,9.17,6.37,4.59,5.98,6.88,6.09,0.14285714285714288,700,4.69-4.83-4.97-5.11-5.25-5.39-5.53-5.67-5.81-5.95-6.09-6.23-6.37,133,131,45864,13100,28.562707134135707
600380,22.47,13.09,7.84,12.81,15.16,19.87,0.33333333333333337,300,8.14-8.47-8.8-9.13-9.46-9.79-10.12-10.45-10.78-11.11-11.44-11.77-12.1-12.43-12.76-13.09,73,73,47025,7300.000000000001,15.52365762892079
600381,6.46,6.23,4.22,5.21,5.34,5.39,0.13333333333333333,600,4.28-4.41-4.54-4.67-4.8-4.93-5.06-5.19-5.32-5.45-5.58-5.71-5.84-5.97-6.1-6.23,124,117,46710,9360,20.038535645472063
600382,8.16,7.61,5.15,6.49,6.66,5.49,0.16,500,5.21-5.37-5.53-5.69-5.85-6.01-6.17-6.33-6.49-6.65-6.81-6.97-7.13-7.29-7.45-7.61,65,52,47475,4160,8.762506582411795
600383,17.77,15.41,11.14,13.45,14.46,13.99,0.3333333333333333,300,11.45-11.78-12.11-12.44-12.77-13.1-13.43-13.76-14.09-14.42-14.75-15.08-15.41,120,116,47754,11600,24.291158855802657
600385,8.43,8.01,5.64,7.05,7.04,6.4,0.16,500,5.77-5.93-6.09-6.25-6.41-6.57-6.73-6.89-7.05-7.21-7.37-7.53-7.69-7.85-8.01,95,85,47670,6800,14.264736731697084
600386,5.22,4.4,3,3.9,4.11,3.69,0.09999999999999999,1000,4-3.1-3.2-3.3-3.4-3.5-3.6-3.7-3.8-3.9-4.1-4.2-4.3-4.4,119,112,48100,11200,23.284823284823286
600387,9.67,8.81,6.07,8.01,7.87,7.93,0.19999999999999998,500,6.21-6.41-6.61-6.81-7.01-7.21-7.41-7.61-7.81-8.01-8.21-8.41-8.61-8.81,145,140,48165,13999.999999999998,29.066749714522988
600388,13.38,11.37,8.28,10.12,10.83,9.16,0.25,400,8.37-8.62-8.87-9.12-9.37-9.62-9.87-10.12-10.37-10.62-10.87-11.12-11.37,78,69,46776,6900,14.751154438173423
600389,23.98,22.56,16.53,20.56,20.26,20.03,0.5,200,16.56-17.06-17.56-18.06-18.56-19.06-19.56-20.06-20.56-21.06-21.56-22.06-22.56,106,101,46344,10100,21.793543932332124
600390,9.86,9.01,6.55,8.01,8.21,7.78,0.19999999999999998,500,6.61-6.81-7.01-7.21-7.41-7.61-7.81-8.01-8.21-8.41-8.61-8.81-9.01,88,82,46260,8200,17.72589710332901
600391,27.56,19.84,11.75,18.84,19.66,23.72,0.5,200,11.84-12.34-12.84-13.34-13.84-14.34-14.84-15.34-15.84-16.34-16.84-17.34-17.84-18.34-18.84-19.34-19.84,120,120,49888,12000,24.053880692751765
600392,10.58,8.8,6.17,8.4,8.38,8.8,0.2,500,7-8-6.2-6.4-6.6-6.8-7.2-7.4-7.6-7.8-8.2-8.4-8.6-8.8,93,93,48100,9300,19.334719334719335
600393,5,3.41,2.29,2.94,3.65,2.9,0.07272727272727272,1100,2.36-2.43-2.5-2.57-2.64-2.71-2.78-2.85-2.92-2.99-3.06-3.13-3.2-3.27-3.34-3.41,177,170,47025,13600,28.92078681552366
600395,6.72,6.67,4.9,5.7,5.81,6.37,0.14285714285714285,700,4.99-5.13-5.27-5.41-5.55-5.69-5.83-5.97-6.11-6.25-6.39-6.53-6.67,61,59,48384,5900,12.194113756613756
600396,3.18,2.69,1.67,2.41,2.42,2.64,0.06153846153846154,1300,1.67-1.73-1.79-1.85-1.91-1.97-2.03-2.09-2.15-2.21-2.27-2.33-2.39-2.45-2.51-2.57-2.63-2.69,91,90,47515,7200,15.153109544354415
600397,3.28,2.72,1.93,2.56,2.61,2.49,0.0625,1600,2-1.94-2.06-2.12-2.18-2.24-2.3-2.36-2.42-2.48-2.54-2.6-2.66-2.72,148,144,47840,14400,30.100334448160535
600398,9.27,8.62,5.77,7.22,7.52,6.09,0.19999999999999998,500,5.82-6.02-6.22-6.42-6.62-6.82-7.02-7.22-7.42-7.62-7.82-8.02-8.22-8.42-8.62,41,29,49840,2900,5.818619582664526
600399,6.02,4.23,2.74,3.83,4.38,5.93,0.09999999999999999,1000,2.83-2.93-3.03-3.13-3.23-3.33-3.43-3.53-3.63-3.73-3.83-3.93-4.03-4.13-4.23,76,76,48720,7600,15.599343185550081
600400,5.48,4.54,3.21,3.94,4.35,3.48,0.09999999999999999,1000,3.24-3.34-3.44-3.54-3.64-3.74-3.84-3.94-4.04-4.14-4.24-4.34-4.44-4.54,121,110,49920,10999.999999999998,22.035256410256405
600403,5.03,4.49,3.1,3.99,4.07,3.83,0.1,1000,3.19-3.29-3.39-3.49-3.59-3.69-3.79-3.89-3.99-4.09-4.19-4.29-4.39-4.49,169,162,49270,16200,32.88004871118328
600405,6.47,6.2,4.07,5.19,5.27,5.06,0.13333333333333333,600,4.12-4.25-4.38-4.51-4.64-4.77-4.9-5.03-5.16-5.29-5.42-5.55-5.68-5.81-5.94-6.07-6.2,159,150,48912,12000,24.53385672227674
600406,24.35,22.46,16.35,20.46,20.35,21.25,0.5,200,16.46-16.96-17.46-17.96-18.46-18.96-19.46-19.96-20.46-20.96-21.46-21.96-22.46,104,102,46104,10200,22.123893805309734
600408,2.69,2.44,1.63,2.22,2.16,1.83,0.05555555555555556,1800,1.66-1.72-1.78-1.84-1.9-1.96-2.02-2.08-2.14-2.2-2.26-2.32-2.38-2.44,84,74,47268,7400.000000000001,15.655411695015658
600409,7.85,6.14,4.2,5.75,6.03,6.23,0.14285714285714285,700,6-4.32-4.46-4.6-4.74-4.88-5.02-5.16-5.3-5.44-5.58-5.72-5.86-6.14,79,79,46956,7899.999999999999,16.82426101030752
600410,16.96,13.61,8.42,12.66,12.69,14.14,0.3333333333333333,300,8.66-8.99-9.32-9.65-9.98-10.31-10.64-10.97-11.3-11.63-11.96-12.29-12.62-12.95-13.28-13.61,127,127,49365,12699.999999999998,25.726729464195277
600415,8.49,5.48,3.17,5.67,5.83,7.39,0.14285714285714285,700,3.24-3.38-3.52-3.66-3.8-3.94-4.08-4.22-4.36-4.5-4.64-4.78-4.92-5.06-5.2-5.34-5.48,55,55,48048,5500,11.446886446886447
600416,18.51,9.59,5.43,9.84,11.97,17.76,0.25,400,5.59-5.84-6.09-6.34-6.59-6.84-7.09-7.34-7.59-7.84-8.09-8.34-8.59-8.84-9.09-9.34-9.59,75,75,47776,7500,15.698258539852645
600418,12.47,7.57,4.31,8.17,8.39,9.29,0.2,500,4.37-4.57-4.77-4.97-5.17-5.37-5.57-5.77-5.97-6.17-6.37-6.57-6.77-6.97-7.17-7.37-7.57,70,70,46960,7000,14.906303236797275
600419,16.49,14.96,10.5,13.67,13.5,14.97,0.3333333333333333,300,11-10.67-11.33-11.66-11.99-12.32-12.65-12.98-13.31-13.64-13.97-14.3-14.63-14.96,84,84,49335,8400,17.026451809060504
600420,11.76,11.22,8.07,9.72,9.91,10.99,0.25,400,8.22-8.47-8.72-8.97-9.22-9.47-9.72-9.97-10.22-10.47-10.72-10.97-11.22,95,94,46056.00000000001,9400,20.409935730415143
600421,14.05,10.18,6.58,9.68,10.32,12,0.25,400,6.68-6.93-7.18-7.43-7.68-7.93-8.18-8.43-8.68-8.93-9.18-9.43-9.68-9.93-10.18,93,93,46508,9300,19.99655973165907
600422,12.67,undefined,8.99,10.97,10.83,11.67,0.26666666666666666,300,9.1-9.37-9.64-9.91-10.18-10.45-10.72-10.99-11.26-11.53-11.8-12.07-12.34-12.61,124,121,41808,9680,23.153463451970914
600423,3.75,3.45,2.38,3.03,3.07,2.84,0.07692307692307693,1300,2.41-2.49-2.57-2.65-2.73-2.81-2.89-2.97-3.05-3.13-3.21-3.29-3.37-3.45,68,60,48841,6000.000000000001,12.284760754284314
600425,6.87,4.69,3.04,4.48,4.96,5.88,0.11111111111111112,900,3.15-3.26-3.37-3.48-3.59-3.7-3.81-3.92-4.03-4.14-4.25-4.36-4.47-4.58-4.69,105,105,48699,10500.000000000002,21.561017680034503
600426,25.35,19.87,14.06,17.87,19.71,23.13,0.4,200,14.27-14.67-15.07-15.47-15.87-16.27-16.67-17.07-17.47-17.87-18.27-18.67-19.07-19.47-19.87,109,109,47236,8720,18.460496231687696
600428,4.07,undefined,2.9,3.51,3.49,3.54,0.08888888888888888,900,2.98-3.07-3.16-3.25-3.34-3.43-3.52-3.61-3.7-3.79-3.88-3.97-4.06,76,70,37530,5599.999999999999,14.921396216360241
600429,6.67,6.47,4.61,5.45,5.64,5.83,0.13333333333333333,600,4.65-4.78-4.91-5.04-5.17-5.3-5.43-5.56-5.69-5.82-5.95-6.08-6.21-6.34-6.47,98,93,46158,7440,16.11854933056025
600433,3.85,3.75,2.77,3.29,3.31,3.35,0.08333333333333333,1200,2.79-2.87-2.95-3.03-3.11-3.19-3.27-3.35-3.43-3.51-3.59-3.67-3.75,78,73,46512,7300,15.694874441004472
600435,9.95,9.88,6.85,8.48,8.4,8.86,0.2,400,6.88-7.08-7.28-7.48-7.68-7.88-8.08-8.28-8.48-8.68-8.88-9.08-9.28-9.48-9.68-9.88,112,107,49680,8560,17.23027375201288
600438,28.35,18.28,11.19,15.08,19.77,27.3,0.4,200,11.48-11.88-12.28-12.68-13.08-13.48-13.88-14.28-14.68-15.08-15.48-15.88-16.28-16.68-17.08-17.48-17.88-18.28,132,132,49912,10560,21.157236736656515
600439,3.78,undefined,2.55,3.26,3.17,3.6,0.08,1000,2.62-2.7-2.78-2.86-2.94-3.02-3.1-3.18-3.26-3.34-3.42-3.5-3.58-3.66-3.74,114,112,43960,8960,20.38216560509554
600444,12.47,undefined,8.61,10.36,10.54,10.81,0.2666666666666666,300,12-8.76-9.03-9.3-9.57-9.84-10.11-10.38-10.65-10.92-11.19-11.46-11.73-12.27,78,72,40482,5759.999999999999,14.228546020453532
600446,26.86,22.66,15.8,20.66,21.33,19.48,0.5,200,16.16-16.66-17.16-17.66-18.16-18.66-19.16-19.66-20.16-20.66-21.16-21.66-22.16-22.66,188,182,49816,18200,36.53444676409186
600448,8.1,5.92,3.83,5.67,5.97,4.1,0.14285714285714285,700,3.96-4.1-4.24-4.38-4.52-4.66-4.8-4.94-5.08-5.22-5.36-5.5-5.64-5.78-5.92,131,118,47726,11800,24.72446884297867
600449,18.6,13.19,7.98,12.24,13.29,18.42,0.33333333333333337,300,8.24-8.57-8.9-9.23-9.56-9.89-10.22-10.55-10.88-11.21-11.54-11.87-12.2-12.53-12.86-13.19,50,50,47475,5000,10.531858873091101
600452,22.7,21.32,13.88,18.32,18.29,20.52,0.5,200,14.32-14.82-15.32-15.82-16.32-16.82-17.32-17.82-18.32-18.82-19.32-19.82-20.32-20.82-21.32,109,107,49196,10700,21.749735750874056
600455,51,35.11,20.72,29.51,35.86,25.11,0.8,100,21.51-22.31-23.11-23.91-24.71-25.51-26.31-27.11-27.91-28.71-29.51-30.31-31.11-31.91-32.71-33.51-34.31-35.11,97,84,47447,6720,14.163171538769575
600456,38.13,34.93,20.73,26.93,29.43,31.34,0.8,100,21.33-22.13-22.93-23.73-24.53-25.33-26.13-26.93-27.73-28.53-29.33-30.13-30.93-31.73-32.53-33.33-34.13-34.93,96,91,47141,7280,15.443032604314716
600458,11.53,8.33,5.47,7.93,8.5,7.49,0.19999999999999998,500,5.53-5.73-5.93-6.13-6.33-6.53-6.73-6.93-7.13-7.33-7.53-7.73-7.93-8.13-8.33,102,97,47810,9700,20.28864254340096
600459,32.4,19.67,11.99,19.67,22.2,26.27,0.49999999999999994,200,12.17-12.67-13.17-13.67-14.17-14.67-15.17-15.67-16.17-16.67-17.17-17.67-18.17-18.67-19.17-19.67,68,68,47010,6799.999999999998,14.465007445224416
600461,7.44,undefined,5.6,6.49,6.52,6.77,0.16,500,5.69-5.85-6.01-6.17-6.33-6.49-6.65-6.81-6.97-7.13-7.29,63,60,32050,4800,14.976599063962558
600462,2.17,1.62,1.02,1.58,1.6,2.06,0.04,2500,1.06-1.1-1.14-1.18-1.22-1.26-1.3-1.34-1.38-1.42-1.46-1.5-1.54-1.58-1.62,102,102,46200,10200,22.07792207792208
600463,9.99,8.36,5.55,7.56,7.77,7.27,0.19999999999999998,500,5.56-5.76-5.96-6.16-6.36-6.56-6.76-6.96-7.16-7.36-7.56-7.76-7.96-8.16-8.36,95,89,48020,8899.999999999998,18.533944189920863
600466,7.75,7.48,5,6.2,6.38,5.46,0.16,500,7-5.08-5.24-5.4-5.56-5.72-5.88-6.04-6.2-6.36-6.52-6.68-6.84-7.16-7.32-7.48,110,97,46500,7760,16.688172043010752
600467,3.63,3.07,1.91,2.68,2.77,3.33,0.06666666666666668,1200,3-1.95-2.02-2.09-2.16-2.23-2.3-2.37-2.44-2.51-2.58-2.65-2.72-2.79-2.86-2.93-3.07,140,140,47520,11200.000000000004,23.569023569023578
600468,6.32,4.69,3.13,4.37,4.72,5.46,0.11111111111111112,900,3.15-3.26-3.37-3.48-3.59-3.7-3.81-3.92-4.03-4.14-4.25-4.36-4.47-4.58-4.69,143,143,48699,14300,29.364052649951745
600469,6.17,undefined,4.39,5.29,5.28,5,0.13333333333333333,600,4.49-4.62-4.75-4.88-5.01-5.14-5.27-5.4-5.53-5.66-5.79-5.92-6.05,122,114,37476,9120,24.335574767851426
600470,5.62,4,2.4,4.2,4.01,3.08,0.1,1000,3-4-2.5-2.6-2.7-2.8-2.9-3.1-3.2-3.3-3.4-3.5-3.6-3.7-3.8-3.9,74,65,48000,6500,13.541666666666666
600475,13.96,12.45,8.1,11.06,11.03,13.33,0.26666666666666666,300,8.13-8.4-8.67-8.94-9.21-9.48-9.75-10.02-10.29-10.56-10.83-11.1-11.37-11.64-11.91-12.18-12.45,69,69,48744,5520,11.324470704086657
600476,19.35,18.28,11.46,15.48,15.41,14.06,0.39999999999999997,200,11.48-11.88-12.28-12.68-13.08-13.48-13.88-14.28-14.68-15.08-15.48-15.88-16.28-16.68-17.08-17.48-17.88-18.28,134,123,49912,9840,19.714697868248116
600477,5,4.02,2.42,3.82,3.71,4.5,0.09999999999999999,1000,2.52-2.62-2.72-2.82-2.92-3.02-3.12-3.22-3.32-3.42-3.52-3.62-3.72-3.82-3.92-4.02,78,78,48300,7799.999999999999,16.149068322981364
600478,5.95,5.39,3.63,4.54,4.79,4.48,0.1142857142857143,700,3.74-3.85-3.96-4.07-4.18-4.29-4.4-4.51-4.62-4.73-4.84-4.95-5.06-5.17-5.28-5.39,175,166,47355,13280,28.043501214232922
600479,11.1,undefined,8.24,9.32,9.67,10.27,0.25,400,8.32-8.57-8.82-9.07-9.32-9.57-9.82-10.07-10.32-10.57-10.82-11.07,63,60,42108,6000,14.249073810202336
600480,14.32,9.79,5.89,9.29,10.11,7.88,0.25,400,6.04-6.29-6.54-6.79-7.04-7.29-7.54-7.79-8.04-8.29-8.54-8.79-9.04-9.29-9.54-9.79,111,103,46740,10300,22.036799315361574
600481,3.93,3.88,2.6,3.24,3.27,3.08,0.08,1000,3-2.68-2.76-2.84-2.92-3.08-3.16-3.24-3.32-3.4-3.48-3.56-3.64-3.72-3.8-3.88,81,71,48600,5680,11.687242798353909
600482,27.49,22.45,15.6,19.95,21.55,19.48,0.49999999999999994,200,15.95-16.45-16.95-17.45-17.95-18.45-18.95-19.45-19.95-20.45-20.95-21.45-21.95-22.45,74,68,49270,6799.999999999998,13.801501928151
600483,9.5,undefined,7.12,8.39,8.31,8.84,0.2,500,7.19-7.39-7.59-7.79-7.99-8.19-8.39-8.59-8.79-8.99-9.19-9.39,64,62,45045,6200,13.764013764013765
600487,22.15,19.69,13.68,17.29,17.92,16.53,0.39999999999999997,200,13.69-14.09-14.49-14.89-15.29-15.69-16.09-16.49-16.89-17.29-17.69-18.09-18.49-18.89-19.29-19.69,140,132,49470,10560,21.346270466949665
600488,6.2,5.53,3.77,4.89,4.99,5.38,0.125,800,3.89-4.02-4.14-4.26-4.39-4.51-4.64-4.76-4.89-5.01-5.14-5.27-5.4-5.53,113,112,48256,11200,23.20954907161804
600489,12.45,10.75,7.17,9.25,9.81,11.34,0.25,400,8-9-10-7.25-7.5-7.75-8.25-8.5-8.75-9.25-9.5-9.75-10.25-10.5-10.75,87,87,49700,8700,17.505030181086518
600490,5.52,4.61,3.03,4.4,4.27,4.4,0.1111111111111111,900,3.07-3.18-3.29-3.4-3.51-3.62-3.73-3.84-3.95-4.06-4.17-4.28-4.39-4.5-4.61,76,74,47691,7399.999999999999,15.516554486171392
600491,10.07,8.61,6,8.01,8.04,8.52,0.19999999999999998,500,6.01-6.21-6.41-6.61-6.81-7.01-7.21-7.41-7.61-7.81-8.01-8.21-8.41-8.61,67,66,46865,6600,14.08300437426651
600493,6.93,6.25,4.3,5.57,5.62,5.36,0.14285714285714288,700,4.43-4.57-4.71-4.85-4.99-5.13-5.27-5.41-5.55-5.69-5.83-5.97-6.11-6.25,92,85,47957,8500,17.72421127259837
600495,5.18,4.84,3.3,4.41,4.24,4.05,0.11111111111111112,900,3.41-3.52-3.63-3.74-3.85-3.96-4.07-4.18-4.29-4.4-4.51-4.62-4.73-4.84,126,119,47619,11900,24.990024990024992
600496,5.18,3.87,2.53,3.61,3.85,5.04,0.09090909090909091,1100,2.61-2.7-2.79-2.88-2.97-3.06-3.15-3.24-3.33-3.42-3.51-3.6-3.69-3.78-3.87,87,87,49203,8700,17.68184866776416
600497,5.16,4.55,3.33,4.05,4.25,4.28,0.09999999999999999,1000,3.35-3.45-3.55-3.65-3.75-3.85-3.95-4.05-4.15-4.25-4.35-4.45-4.55,71,68,46800,6800,14.52991452991453
600498,41.95,34.71,21.1,31.51,31.53,28.39,0.8,100,21.11-21.91-22.71-23.51-24.31-25.11-25.91-26.71-27.51-28.31-29.11-29.91-30.71-31.51-32.31-33.11-33.91-34.71,107,99,46767,7920,16.93501828212201
600499,5.77,5.5,3.78,4.54,4.77,4.61,0.1142857142857143,700,3.85-3.96-4.07-4.18-4.29-4.4-4.51-4.62-4.73-4.84-4.95-5.06-5.17-5.28-5.39-5.5,137,129,48510,10320,21.27396413110699
600500,7.75,6.52,4.72,5.55,6.24,5.68,0.14285714285714285,700,4.84-4.98-5.12-5.26-5.4-5.54-5.68-5.82-5.96-6.1-6.24-6.38-6.52,93,87,47124,8699.999999999998,18.461930226636103
600501,14.2,10.71,7.02,9.46,10.61,11.59,0.25,400,7.21-7.46-7.71-7.96-8.21-8.46-8.71-8.96-9.21-9.46-9.71-9.96-10.21-10.46-10.71,113,113,49476,11300,22.839356455655267
600502,5.26,4.77,3.18,4.23,4.22,4.64,0.1111111111111111,900,4-3.23-3.34-3.45-3.56-3.67-3.78-3.89-4.11-4.22-4.33-4.44-4.55-4.66-4.77,84,82,49707,8200,16.496670489065927
600503,5.07,4.05,2.81,3.79,3.94,4.24,0.09090909090909091,1100,2.88-2.97-3.06-3.15-3.24-3.33-3.42-3.51-3.6-3.69-3.78-3.87-3.96-4.05,120,120,48906,12000.000000000002,24.536866642129805
600505,11.8,10.27,6.66,9.02,9.23,9.02,0.25,400,6.77-7.02-7.27-7.52-7.77-8.02-8.27-8.52-8.77-9.02-9.27-9.52-9.77-10.02-10.27,129,124,47012,12400,26.376244363141325
600506,13.28,11.05,7.7,10.3,10.49,10.48,0.25,400,7.8-8.05-8.3-8.55-8.8-9.05-9.3-9.55-9.8-10.05-10.3-10.55-10.8-11.05,139,137,48360,13700,28.329197684036394
600507,10.44,8.09,4.96,7.69,7.7,5.66,0.2,500,5.09-5.29-5.49-5.69-5.89-6.09-6.29-6.49-6.69-6.89-7.09-7.29-7.49-7.69-7.89-8.09,29,17,48675,1700.0000000000002,3.4925526450950186
600508,9.83,undefined,7.61,8.82,8.72,8.96,0.2,400,7.62-7.82-8.02-8.22-8.42-8.62-8.82-9.02-9.22-9.42-9.62-9.82,38,34,37928,2720.0000000000005,7.171482809533855
600509,5.58,4.21,2.74,3.91,4.16,3.56,0.1,1000,2.81-2.91-3.01-3.11-3.21-3.31-3.41-3.51-3.61-3.71-3.81-3.91-4.01-4.11-4.21,77,71,48440,7100.000000000001,14.657308009909169
600510,9.8,8.14,5.3,7.94,7.55,8.08,0.2,500,5.34-5.54-5.74-5.94-6.14-6.34-6.54-6.74-6.94-7.14-7.34-7.54-7.74-7.94-8.14,75,75,46480,7500,16.135972461273667
600511,49.52,36.3,22.22,34.7,35.87,43.97,0.8,100,22.7-23.5-24.3-25.1-25.9-26.7-27.5-28.3-29.1-29.9-30.7-31.5-32.3-33.1-33.9-34.7-35.5-36.3,112,112,49470,8960,18.111987062866383
600512,4.34,3.66,2.37,3.18,3.36,2.95,0.08,1000,2.38-2.46-2.54-2.62-2.7-2.78-2.86-2.94-3.02-3.1-3.18-3.26-3.34-3.42-3.5-3.58-3.66,123,114,47680,9120.000000000002,19.127516778523496
600513,23.3,12.21,6.32,13.27,14.81,12.98,0.3333333333333333,300,6.6-6.93-7.26-7.59-7.92-8.25-8.58-8.91-9.24-9.57-9.9-10.23-10.56-10.89-11.22-11.55-11.88-12.21,65,65,47124,6499.999999999999,13.79339614633732
600515,8.99,5.82,3.76,5.86,6.38,6.9,0.14285714285714288,700,4-3.86-4.14-4.28-4.42-4.56-4.7-4.84-4.98-5.12-5.26-5.4-5.54-5.68-5.82,123,123,46746,12300.000000000002,26.312411757155697
600516,18.11,10.09,6.11,10.09,12.11,6.84,0.25,400,6.34-6.59-6.84-7.09-7.34-7.59-7.84-8.09-8.34-8.59-8.84-9.09-9.34-9.59-9.84-10.09,45,32,48540,3200,6.592501030078286
600517,9.02,8.55,5.9,7.55,7.46,7.33,0.19999999999999998,500,5.95-6.15-6.35-6.55-6.75-6.95-7.15-7.35-7.55-7.75-7.95-8.15-8.35-8.55,162,156,46475,15599.999999999998,33.56643356643356
600518,4.35,3.47,2.31,3.35,3.33,0,0.08333333333333334,1200,2.35-2.43-2.51-2.59-2.67-2.75-2.83-2.91-2.99-3.07-3.15-3.23-3.31-3.39-3.47,90,83,48216,8300.000000000002,17.214202754272446
600520,13.4,10.56,6.99,9.56,10.2,9.05,0.25,400,7.06-7.31-7.56-7.81-8.06-8.31-8.56-8.81-9.06-9.31-9.56-9.81-10.06-10.31-10.56,101,94,48636,9400,19.32724730652192
600521,39.82,31.16,13.94,22.36,26.88,38.5,0.7999999999999999,100,14.36-15.16-15.96-16.76-17.56-18.36-19.16-19.96-20.76-21.56-22.36-23.16-23.96-24.76-25.56-26.36-27.16-27.96-28.76-29.56-30.36-31.16,101,101,46956,8080,17.20759860294744
600522,13.93,11.8,7,10.41,10.47,11.67,0.26666666666666666,300,7.21-7.48-7.75-8.02-8.29-8.56-8.83-9.1-9.37-9.64-9.91-10.18-10.45-10.72-10.99-11.26-11.53-11.8,104,103,47787,8240,17.243183292527256
600523,19.99,18.19,11.16,14.99,15.58,17.92,0.39999999999999997,200,11.39-11.79-12.19-12.59-12.99-13.39-13.79-14.19-14.59-14.99-15.39-15.79-16.19-16.59-16.99-17.39-17.79-18.19,158,157,49606,12560,25.319517800266098
600525,6.86,6.4,4.46,5.87,5.66,6.33,0.14285714285714285,700,5-4.58-4.72-4.86-5.14-5.28-5.42-5.56-5.7-5.84-5.98-6.12-6.26-6.4,126,125,49322,12500,25.343660030006895
600526,6.74,6.56,4.65,5.41,5.7,0,0.13333333333333333,600,5-4.74-4.87-5.13-5.26-5.39-5.52-5.65-5.78-5.91-6.04-6.17-6.3-6.43-6.56,94,91,46914,7280,15.517755893763056
600527,5.42,3.47,1.98,3.23,3.7,3.1,0.08,1000,2.03-2.11-2.19-2.27-2.35-2.43-2.51-2.59-2.67-2.75-2.83-2.91-2.99-3.07-3.15-3.23-3.31-3.39-3.47,196,191,48780,15280.000000000002,31.324313243132437
600528,12.33,11.68,8.45,10.18,10.39,9.5,0.24999999999999997,400,8.68-8.93-9.18-9.43-9.68-9.93-10.18-10.43-10.68-10.93-11.18-11.43-11.68,74,65,48264,6499.999999999998,13.467594894745561
600529,72.47,38.29,20.52,40.29,46.5,71.1,1,100,21.29-22.29-23.29-24.29-25.29-26.29-27.29-28.29-29.29-30.29-31.29-32.29-33.29-34.29-35.29-36.29-37.29-38.29,77,77,49793,7700,15.46402104713514
600530,6.05,4.05,2.55,4.15,4.3,3.02,0.10000000000000002,1000,2.65-2.75-2.85-2.95-3.05-3.15-3.25-3.35-3.45-3.55-3.65-3.75-3.85-3.95-4.05,57,47,46200,4700.000000000001,10.173160173160175
600531,7.27,5.4,3.67,5.01,5.47,7.27,0.125,800,3.76-3.89-4.02-4.14-4.26-4.39-4.51-4.64-4.76-4.89-5.01-5.14-5.27-5.4,93,93,46944,9300,19.81083844580777
600532,12.86,5.21,2.73,5.54,7.8,10.49,0.14285714285714285,700,2.83-2.97-3.11-3.25-3.39-3.53-3.67-3.81-3.95-4.09-4.23-4.37-4.51-4.65-4.79-4.93-5.07-5.21,88,88,47005,8800,18.72141261567918
600533,4.28,4.18,2.75,3.54,3.52,3.6,0.08888888888888888,900,4-2.83-2.92-3.01-3.1-3.19-3.28-3.37-3.46-3.55-3.64-3.73-3.82-3.91-4.09-4.18,139,132,46710,10560,22.60757867694284
600535,19.44,undefined,13.33,16.07,16.39,17.34,0.4,200,13.67-14.07-14.47-14.87-15.27-15.67-16.07-16.47-16.87-17.27-17.67-18.07-18.47-18.87-19.27,100,95,45556,7600,16.682764070594434
600537,4.28,3.6,2.51,3.31,3.4,3.45,0.08333333333333334,1200,2.56-2.64-2.72-2.8-2.88-2.96-3.04-3.12-3.2-3.28-3.36-3.44-3.52-3.6,134,132,47424,13200.000000000002,27.834008097165995
600538,9.45,6.51,3.69,6.79,6.57,7.95,0.16666666666666666,600,6-3.79-3.96-4.13-4.3-4.47-4.64-4.81-4.98-5.15-5.32-5.49-5.66-5.83-6.17-6.34-6.51,73,73,48624,7300,15.013162224415927
600539,7.77,undefined,5.62,6.44,6.7,7.15,0.16,500,5.64-5.8-5.96-6.12-6.28-6.44-6.6-6.76-6.92-7.08-7.24-7.4-7.56-7.72,69,66,42900,5280,12.307692307692308
600540,7,5.14,3.12,4.95,5.06,5.75,0.125,800,3.2-3.33-3.46-3.59-3.72-3.85-3.98-4.11-4.24-4.37-4.5-4.63-4.76-4.89-5.01-5.14,117,117,49312,11700,23.726476314081765
600543,7.79,6.36,4.65,5.97,6.22,6.27,0.14285714285714285,700,4.68-4.82-4.96-5.1-5.24-5.38-5.52-5.66-5.8-5.94-6.08-6.22-6.36,77,76,45780,7599.999999999999,16.601135867190912
600545,8.06,6.46,4.64,5.93,6.35,5.49,0.14285714285714285,700,4.64-4.78-4.92-5.06-5.2-5.34-5.48-5.62-5.76-5.9-6.04-6.18-6.32-6.46,70,63,49868,6300,12.633352049410444
600546,14.97,9.49,5.32,9.49,10.15,14.95,0.25,400,5.49-5.74-5.99-6.24-6.49-6.74-6.99-7.24-7.49-7.74-7.99-8.24-8.49-8.74-8.99-9.24-9.49,90,90,47136,9000,19.093686354378818
600547,52,42.45,27.8,36.45,39.9,43.01,0.9999999999999999,100,28.45-29.45-30.45-31.45-32.45-33.45-34.45-35.45-36.45-37.45-38.45-39.45-40.45-41.45-42.45,101,101,48930,10099.999999999998,20.641733088085015
600548,12.11,11.72,8.5,9.97,10.31,8.97,0.25,400,8.72-8.97-9.22-9.47-9.72-9.97-10.22-10.47-10.72-10.97-11.22-11.47-11.72,63,52,48456,5200,10.731385174178635
600549,16.62,14.56,10.18,13.27,13.4,15,0.3333333333333333,300,10.27-10.6-10.93-11.26-11.59-11.92-12.25-12.58-12.91-13.24-13.57-13.9-14.23-14.56,64,64,47775,6400,13.396127681841968
600550,8.1,5.27,2.64,5.75,5.37,5.7,0.14285714285714285,700,2.75-2.89-3.03-3.17-3.31-3.45-3.59-3.73-3.87-4.01-4.15-4.29-4.43-4.57-4.71-4.85-4.99-5.13-5.27,47,47,49644,4699.999999999999,9.467407944565302
600551,11.39,9.87,7.06,8.67,9.23,9.56,0.2,400,7.07-7.27-7.47-7.67-7.87-8.07-8.27-8.47-8.67-8.87-9.07-9.27-9.47-9.67-9.87,82,80,46872,6400,13.6542072025943
600552,8.07,6.44,4.54,5.91,6.31,6.7,0.14285714285714285,700,4.62-4.76-4.9-5.04-5.18-5.32-5.46-5.6-5.74-5.88-6.02-6.16-6.3-6.44,136,136,49686,13599.999999999998,27.371895503763632
600555,3.73,2.11,1,2.25,2.37,1.4,0.05555555555555555,1800,1.03-1.09-1.15-1.21-1.27-1.33-1.39-1.45-1.51-1.57-1.63-1.69-1.75-1.81-1.87-1.93-1.99-2.05-2.11,48,36,49896,3600,7.215007215007215
600556,22.52,15.67,7.11,15.67,14.82,19.38,0.4,200,7.27-7.67-8.07-8.47-8.87-9.27-9.67-10.07-10.47-10.87-11.27-11.67-12.07-12.47-12.87-13.27-13.67-14.07-14.47-14.87-15.27-15.67,77,77,47334,6160,13.013901212658977
600557,18.66,18.55,12.1,14.95,15.38,15.13,0.39999999999999997,200,12.15-12.55-12.95-13.35-13.75-14.15-14.55-14.95-15.35-15.75-16.15-16.55-16.95-17.35-17.75-18.15-18.55,109,100,48480,8000,16.501650165016503
600558,3.76,undefined,2.57,3.14,3.17,3.13,0.08,1000,2.58-2.66-2.74-2.82-2.9-2.98-3.06-3.14-3.22-3.3-3.38-3.46-3.54-3.62-3.7,104,97,43400,7760,17.880184331797235
600559,15.75,12.67,8.1,11.82,11.93,12.9,0.26666666666666666,300,8.35-8.62-8.89-9.16-9.43-9.7-9.97-10.24-10.51-10.78-11.05-11.32-11.59-11.86-12.13-12.4-12.67,63,63,49800,5040,10.120481927710843
600560,13.16,10.66,7.16,9.91,10.16,11.5,0.25,400,7.41-7.66-7.91-8.16-8.41-8.66-8.91-9.16-9.41-9.66-9.91-10.16-10.41-10.66,122,122,46332,12200,26.331692998359664
600561,6.97,6.37,4.32,5.35,5.65,5.07,0.13333333333333333,600,4.42-4.55-4.68-4.81-4.94-5.07-5.2-5.33-5.46-5.59-5.72-5.85-5.98-6.11-6.24-6.37,80,70,47970,5600,11.673962893475089
600562,19.15,18.8,12,15.6,15.58,18.34,0.39999999999999997,200,14-16-18-12.4-12.8-13.2-13.6-14.4-14.8-15.2-15.6-16.4-16.8-17.2-17.6-18.4-18.8,129,128,49280,10240,20.77922077922078
600565,4.07,3.91,2.7,3.19,3.39,2.93,0.08,1000,2.71-2.79-2.87-2.95-3.03-3.11-3.19-3.27-3.35-3.43-3.51-3.59-3.67-3.75-3.83-3.91,85,73,49050,5840,11.906218144750255
600566,33.41,undefined,19.6,25.31,26.51,25.32,0.8,100,19.71-20.51-21.31-22.11-22.91-23.71-24.51-25.31-26.11-26.91-27.71-28.51-29.31-30.11-30.91-31.71-32.51-33.31,73,63,44387,5040.000000000001,11.354675918624825
600567,3.94,3.82,2.8,3.28,3.37,3.17,0.08333333333333334,1200,2.86-2.94-3.02-3.1-3.18-3.26-3.34-3.42-3.5-3.58-3.66-3.74-3.82,77,69,47520,6900.000000000001,14.520202020202023
600568,2.24,1.78,1,1.69,1.62,1.22,0.042105263157894736,1900,1.02-1.06-1.1-1.14-1.18-1.22-1.26-1.3-1.34-1.38-1.42-1.46-1.5-1.54-1.58-1.62-1.66-1.7-1.74-1.78,142,128,49818,10240,20.554819543137018
600569,2.99,2.67,1.91,2.36,2.45,2.17,0.0588235294117647,1700,1.95-2.01-2.07-2.13-2.19-2.25-2.31-2.37-2.43-2.49-2.55-2.61-2.67,78,70,46512,6999.999999999999,15.04987960096319
600571,12.33,11.21,7.87,9.96,10.1,9.24,0.24999999999999997,400,7.96-8.21-8.46-8.71-8.96-9.21-9.46-9.71-9.96-10.21-10.46-10.71-10.96-11.21,140,132,49192,13199.999999999996,26.833631484794267
600572,8.3,7.51,5.01,6.23,6.66,6.01,0.16,500,5.11-5.27-5.43-5.59-5.75-5.91-6.07-6.23-6.39-6.55-6.71-6.87-7.03-7.19-7.35-7.51,120,110,46725,8800,18.833600856072767
600573,8.65,7.48,5.36,6.77,7.01,7.21,0.16666666666666669,600,5.44-5.61-5.78-5.95-6.12-6.29-6.46-6.63-6.8-6.97-7.14-7.31-7.48,84,82,45900,8200,17.864923747276688
600575,3.23,2.99,2.04,2.46,2.64,2.16,0.061538461538461535,1300,2.09-2.15-2.21-2.27-2.33-2.39-2.45-2.51-2.57-2.63-2.69-2.75-2.81-2.87-2.93-2.99,93,79,48945,6319.999999999999,12.912452753090202
600576,6.27,5.27,3.46,4.65,4.87,4.38,0.11428571428571428,700,3.51-3.62-3.73-3.84-3.95-4.06-4.17-4.28-4.39-4.5-4.61-4.72-4.83-4.94-5.05-5.16-5.27,124,116,48552,9280,19.113527764046797
600577,4.36,3.6,2.28,3.2,3.32,3.52,0.08000000000000002,1000,2.32-2.4-2.48-2.56-2.64-2.72-2.8-2.88-2.96-3.04-3.12-3.2-3.28-3.36-3.44-3.52-3.6,95,94,46720,7520.000000000001,16.095890410958905
600578,3.53,undefined,2.54,3.04,3.04,3.18,0.07692307692307693,1300,2.58-2.66-2.74-2.82-2.9-2.98-3.06-3.14-3.22-3.3-3.38-3.46,39,36,42614,3600,8.44792791101516
600579,12.85,7.92,4.77,7.72,8.81,5.86,0.19999999999999998,500,4.92-5.12-5.32-5.52-5.72-5.92-6.12-6.32-6.52-6.72-6.92-7.12-7.32-7.52-7.72-7.92,100,89,47400,8899.999999999998,18.776371308016873
600580,16.05,12.23,7.79,11.64,11.92,12.08,0.26666666666666666,300,7.91-8.18-8.45-8.72-8.99-9.26-9.53-9.8-10.07-10.34-10.61-10.88-11.15-11.42-11.69-11.96-12.23,100,99,47688,7920,16.60795168595873
600581,4.49,4.1,2.6,3.46,3.55,3.79,0.08888888888888888,900,2.66-2.75-2.84-2.93-3.02-3.11-3.2-3.29-3.38-3.47-3.56-3.65-3.74-3.83-3.92-4.01-4.1,120,116,48024,9279.999999999998,19.323671497584535
600582,3.69,undefined,2.67,3.17,3.18,3.09,0.08,1000,2.69-2.77-2.85-2.93-3.01-3.09-3.17-3.25-3.33-3.41-3.49-3.57-3.65,69,62,37560,4960,13.205537806176784
600583,8.2,6.34,4.5,5.66,6.35,4.81,0.14285714285714288,700,4.52-4.66-4.8-4.94-5.08-5.22-5.36-5.5-5.64-5.78-5.92-6.06-6.2-6.34,70,59,48776,5900.000000000002,12.096112842381505
600584,53.43,30.39,11.52,25.59,32.48,44.53,0.7999999999999999,100,11.99-12.79-13.59-14.39-15.19-15.99-16.79-17.59-18.39-19.19-19.99-20.79-21.59-22.39-23.19-23.99-24.79-25.59-26.39-27.19-27.99-28.79-29.59-30.39,120,120,47817,9599.999999999998,20.076541815672247
600586,4.3,3.45,2.31,3.33,3.31,3.61,0.08333333333333334,1200,2.33-2.41-2.49-2.57-2.65-2.73-2.81-2.89-2.97-3.05-3.13-3.21-3.29-3.37-3.45,76,76,47880,7600.000000000001,15.873015873015875
600587,20.65,18.63,12.45,17.03,16.55,19.85,0.4,200,12.63-13.03-13.43-13.83-14.23-14.63-15.03-15.43-15.83-16.23-16.63-17.03-17.43-17.83-18.23-18.63,154,154,46290,12320,26.614819615467702
600588,54.85,40.62,24.95,37.62,39.9,47.02,1,100,25.62-26.62-27.62-28.62-29.62-30.62-31.62-32.62-33.62-34.62-35.62-36.62-37.62-38.62-39.62-40.62,65,65,48930,6500,13.284283670549765
600589,8.3,6.09,4.08,5.84,6.19,4.36,0.14285714285714285,700,4.13-4.27-4.41-4.55-4.69-4.83-4.97-5.11-5.25-5.39-5.53-5.67-5.81-5.95-6.09,125,113,49392,11300,22.87819889860706
600590,6.96,undefined,4.63,6.02,5.8,6.27,0.16,500,4.74-4.9-5.06-5.22-5.38-5.54-5.7-5.86-6.02-6.18-6.34-6.5-6.66-6.82,109,105,37050,8400,22.672064777327936
600592,19.2,17.29,10.14,14.09,14.67,10.48,0.39999999999999997,200,10.49-10.89-11.29-11.69-12.09-12.49-12.89-13.29-13.69-14.09-14.49-14.89-15.29-15.69-16.09-16.49-16.89-17.29,163,146,46546,11680,25.09345593606325
600593,48.13,46.77,34,40.77,41.07,40.94,1,100,34.77-35.77-36.77-37.77-38.77-39.77-40.77-41.77-42.77-43.77-44.77-45.77-46.77,84,78,48324,7800,16.14104792649615
600594,7.95,6.39,4.55,5.86,6.25,7.83,0.14285714285714288,700,4.57-4.71-4.85-4.99-5.13-5.27-5.41-5.55-5.69-5.83-5.97-6.11-6.25-6.39,86,86,49231,8600.000000000002,17.46866811561821
600595,2.43,1.83,1.27,1.75,1.85,1.72,0.043478260869565216,2300,1.27-1.31-1.35-1.39-1.43-1.47-1.51-1.55-1.59-1.63-1.67-1.71-1.75-1.79-1.83,89,86,49266,8600,17.456257865465027
600596,11.2,undefined,7.82,9.48,9.51,9.08,0.25,400,7.98-8.23-8.48-8.73-8.98-9.23-9.48-9.73-9.98-10.23-10.48-10.73-10.98,76,68,44904,6800,15.143417067521824
600597,19.4,14.39,9.8,13.1,14.6,18.86,0.3333333333333333,300,10.1-10.43-10.76-11.09-11.42-11.75-12.08-12.41-12.74-13.07-13.4-13.73-14.06-14.39,65,65,47112,6499.999999999999,13.796909492273729
600598,20.88,13.56,8.82,13.94,14.85,19.17,0.3333333333333333,300,8.94-9.27-9.6-9.93-10.26-10.59-10.92-11.25-11.58-11.91-12.24-12.57-12.9-13.23-13.56,70,70,46557,7000,15.035333032626673
600599,16.89,9.26,4.93,10.01,10.91,5.12,0.25,400,5.01-5.26-5.51-5.76-6.01-6.26-6.51-6.76-7.01-7.26-7.51-7.76-8.01-8.26-8.51-8.76-9.01-9.26,101,84,47668,8400,17.621884702525804
600601,4.68,3.97,2.78,3.62,3.73,4.6,0.09090909090909091,1100,2.8-2.89-2.98-3.07-3.16-3.25-3.34-3.43-3.52-3.61-3.7-3.79-3.88-3.97,125,125,47762,12500,26.1714333570621
600602,9.85,9.24,6.7,8.24,8.28,7.53,0.2,500,6.84-7.04-7.24-7.44-7.64-7.84-8.04-8.24-8.44-8.64-8.84-9.04-9.24,138,129,47640,12900,27.07808564231738
600603,6.5,6.46,4.46,5.31,5.48,5.6,0.13333333333333336,600,4.51-4.64-4.77-4.9-5.03-5.16-5.29-5.42-5.55-5.68-5.81-5.94-6.07-6.2-6.33-6.46,124,117,48780,9360.000000000002,19.188191881918822
600604,13.96,10.14,6.56,9.14,10.26,9.32,0.25,400,6.64-6.89-7.14-7.39-7.64-7.89-8.14-8.39-8.64-8.89-9.14-9.39-9.64-9.89-10.14,126,123,46284,12300,26.575058335493907
600605,14.42,13.42,9.55,11.51,11.99,13.52,0.26666666666666666,300,9.64-9.91-10.18-10.45-10.72-10.99-11.26-11.53-11.8-12.07-12.34-12.61-12.88-13.15-13.42,80,80,47859,6400,13.372615391044526
600606,9.49,7.69,5.18,7.05,7.34,8.17,0.16,500,5.29-5.45-5.61-5.77-5.93-6.09-6.25-6.41-6.57-6.73-6.89-7.05-7.21-7.37-7.53-7.69,66,66,48075,5280,10.982839313572542
600608,5.28,undefined,4.01,4.53,4.64,4.49,0.1142857142857143,700,4.07-4.18-4.29-4.4-4.51-4.62-4.73-4.84-4.95-5.06-5.17-5.28,107,100,35574,8000,22.488334176645864
600609,9.78,5.51,3.16,5.56,6.47,7.58,0.14285714285714288,700,3.27-3.41-3.55-3.69-3.83-3.97-4.11-4.25-4.39-4.53-4.67-4.81-4.95-5.09-5.23-5.37-5.51,104,104,48384,10400.000000000002,21.494708994709
600611,4.75,4.47,3.23,3.97,3.99,3.99,0.1,1000,3.27-3.37-3.47-3.57-3.67-3.77-3.87-3.97-4.07-4.17-4.27-4.37-4.47,47,42,45840,4200,9.162303664921465
600613,10.18,8.81,6.12,7.61,8.15,8.32,0.2,500,6.21-6.41-6.61-6.81-7.01-7.21-7.41-7.61-7.81-8.01-8.21-8.41-8.61-8.81,115,112,48165,11200.000000000002,23.2533997716184
600615,12.74,10.21,6.6,9.46,9.67,9.19,0.25,400,6.71-6.96-7.21-7.46-7.71-7.96-8.21-8.46-8.71-8.96-9.21-9.46-9.71-9.96-10.21,146,142,46676,14200,30.42248693118519
600616,6.64,6.24,4.07,5.23,5.36,4.76,0.13333333333333333,600,4.16-4.29-4.42-4.55-4.68-4.81-4.94-5.07-5.2-5.33-5.46-5.59-5.72-5.85-5.98-6.11-6.24,92,81,49296,6480,13.14508276533593
600617,5.83,4.82,3.35,4.5,4.59,5.01,0.1111111111111111,900,3.39-3.5-3.61-3.72-3.83-3.94-4.05-4.16-4.27-4.38-4.49-4.6-4.71-4.82,51,51,47385,5099.999999999999,10.762899651788539
603993,5.52,4.49,3.27,4.09,4.39,4.4,0.1,1000,3.29-3.39-3.49-3.59-3.69-3.79-3.89-3.99-4.09-4.19-4.29-4.39-4.49,112,109,46080,10900,23.65451388888889
